month,zipcode,100,200,300,400,500,600,700,800,900,1000,1100,1200,1300,1400,1500,1600,1700,1800,1900,2000,2100,2200,2300,2400,2500,2600,1,2,3,4,A,hour
1,19102,0.0,0.0,13.0,7.0,4.0,94.0,1.0,23.0,1.0,0.0,1.0,0.0,1.0,11.0,9.0,0.0,2.0,2.0,0.0,0.0,0.0,0.0,0.0,6.0,0.0,33.0,104.0,103.0,1.0,0.0,0.0,13.932692307692308
1,19103,0.0,2.0,1.0,3.0,7.0,106.0,7.0,12.0,0.0,1.0,9.0,0.0,0.0,14.0,0.0,0.0,1.0,1.0,0.0,1.0,0.0,0.0,0.0,0.0,0.0,7.0,102.0,70.0,0.0,0.0,0.0,13.75
1,19104,0.0,0.0,10.0,20.0,9.0,172.0,42.0,67.0,0.0,0.0,13.0,0.0,3.0,48.0,7.0,0.0,1.0,9.0,0.0,0.0,4.0,0.0,1.0,8.0,0.0,44.0,161.0,124.0,173.0,0.0,0.0,13.16593886462882
1,19106,0.0,0.0,2.0,3.0,7.0,40.0,1.0,17.0,1.0,1.0,2.0,0.0,1.0,12.0,3.0,0.0,2.0,0.0,0.0,0.0,0.0,0.0,0.0,0.0,0.0,16.0,9.0,74.0,25.0,0.0,0.0,12.898148148148149
1,19107,0.0,2.0,13.0,11.0,14.0,197.0,8.0,64.0,0.0,0.0,9.0,0.0,1.0,19.0,1.0,1.0,2.0,0.0,0.0,0.0,1.0,0.0,0.0,1.0,0.0,22.0,15.0,123.0,228.0,0.0,0.0,14.207650273224044
1,19109,0.0,0.0,0.0,0.0,0.0,0.0,0.0,0.0,0.0,0.0,0.0,0.0,0.0,0.0,0.0,0.0,0.0,0.0,0.0,0.0,0.0,0.0,0.0,0.0,0.0,0.0,0.0,0.0,0.0,0.0,0.0,0.0
1,19110,0.0,0.0,0.0,0.0,0.0,0.0,0.0,0.0,0.0,0.0,0.0,0.0,0.0,0.0,0.0,0.0,0.0,0.0,0.0,0.0,0.0,0.0,0.0,0.0,0.0,0.0,0.0,0.0,0.0,0.0,0.0,0.0
1,19111,0.0,2.0,11.0,8.0,9.0,93.0,73.0,46.0,0.0,2.0,29.0,2.0,5.0,34.0,2.0,0.0,4.0,1.0,0.0,0.0,1.0,0.0,0.0,0.0,0.0,12.0,105.0,79.0,150.0,0.0,0.0,13.188622754491018
1,19112,0.0,0.0,0.0,0.0,0.0,0.0,0.0,0.0,0.0,0.0,1.0,0.0,0.0,0.0,0.0,0.0,0.0,0.0,0.0,0.0,0.0,0.0,0.0,0.0,0.0,0.0,0.0,1.0,0.0,0.0,0.0,21.0
1,19113,0.0,0.0,0.0,0.0,0.0,0.0,0.0,0.0,0.0,0.0,0.0,0.0,0.0,0.0,0.0,0.0,0.0,0.0,0.0,0.0,0.0,0.0,0.0,0.0,0.0,0.0,0.0,0.0,0.0,0.0,0.0,0.0
1,19114,0.0,0.0,6.0,0.0,6.0,83.0,22.0,21.0,0.0,0.0,11.0,0.0,1.0,11.0,0.0,0.0,0.0,0.0,0.0,0.0,0.0,0.0,0.0,0.0,0.0,10.0,15.0,156.0,0.0,0.0,0.0,13.140350877192985
1,19115,0.0,0.0,2.0,5.0,3.0,58.0,23.0,14.0,0.0,1.0,12.0,0.0,1.0,14.0,6.0,0.0,0.0,0.0,0.0,1.0,0.0,0.0,0.0,0.0,0.0,7.0,2.0,133.0,12.0,0.0,0.0,12.394557823129253
1,19116,0.0,0.0,2.0,2.0,6.0,55.0,11.0,15.0,1.0,1.0,17.0,1.0,1.0,14.0,0.0,0.0,0.0,0.0,0.0,0.0,0.0,0.0,0.0,0.0,0.0,11.0,0.0,0.0,137.0,0.0,0.0,13.24087591240876
1,19118,0.0,0.0,2.0,0.0,2.0,17.0,7.0,6.0,0.0,4.0,3.0,0.0,0.0,6.0,0.0,0.0,1.0,0.0,0.0,0.0,0.0,0.0,0.0,0.0,0.0,3.0,0.0,0.0,0.0,51.0,0.0,13.31372549019608
1,19119,0.0,0.0,3.0,2.0,3.0,31.0,17.0,29.0,0.0,8.0,12.0,0.0,0.0,30.0,4.0,0.0,0.0,2.0,0.0,1.0,1.0,0.0,0.0,0.0,0.0,7.0,35.0,25.0,68.0,22.0,0.0,13.013333333333334
1,19120,2.0,3.0,21.0,34.0,13.0,107.0,122.0,85.0,3.0,0.0,15.0,0.0,3.0,59.0,10.0,0.0,2.0,0.0,0.0,0.0,0.0,1.0,0.0,0.0,0.0,40.0,148.0,372.0,0.0,0.0,0.0,13.048262548262548
1,19121,0.0,0.0,18.0,25.0,29.0,130.0,73.0,87.0,1.0,1.0,9.0,1.0,5.0,54.0,11.0,0.0,5.0,3.0,0.0,0.0,2.0,0.0,0.0,0.0,0.0,22.0,113.0,96.0,141.0,126.0,0.0,13.010504201680671
1,19122,0.0,1.0,16.0,8.0,9.0,98.0,46.0,31.0,0.0,0.0,4.0,0.0,0.0,21.0,0.0,0.0,1.0,0.0,0.0,0.0,0.0,0.0,0.0,0.0,0.0,7.0,60.0,152.0,30.0,0.0,0.0,12.830578512396697
1,19123,0.0,1.0,2.0,14.0,3.0,77.0,33.0,34.0,0.0,1.0,7.0,0.0,2.0,23.0,1.0,1.0,3.0,4.0,0.0,0.0,2.0,0.0,1.0,0.0,0.0,16.0,134.0,66.0,25.0,0.0,0.0,13.27111111111111
1,19124,5.0,6.0,24.0,28.0,12.0,171.0,107.0,103.0,2.0,0.0,14.0,3.0,10.0,65.0,8.0,3.0,42.0,19.0,0.0,0.0,0.0,0.0,0.0,0.0,0.0,35.0,494.0,162.0,1.0,0.0,0.0,13.058282208588958
1,19125,0.0,1.0,10.0,10.0,17.0,83.0,56.0,32.0,2.0,0.0,9.0,1.0,1.0,41.0,4.0,2.0,1.0,0.0,0.0,0.0,1.0,0.0,0.0,1.0,0.0,10.0,2.0,6.0,274.0,0.0,0.0,12.97872340425532
1,19126,0.0,1.0,2.0,4.0,1.0,32.0,36.0,20.0,0.0,1.0,9.0,0.0,1.0,23.0,2.0,0.0,0.0,0.0,0.0,0.0,0.0,0.0,0.0,0.0,0.0,4.0,98.0,0.0,38.0,0.0,0.0,13.279411764705882
1,19127,0.0,0.0,0.0,0.0,0.0,20.0,8.0,4.0,0.0,0.0,1.0,0.0,0.0,3.0,0.0,0.0,0.0,0.0,0.0,0.0,0.0,0.0,0.0,0.0,0.0,1.0,19.0,18.0,0.0,0.0,0.0,13.567567567567568
1,19128,0.0,1.0,2.0,1.0,9.0,68.0,15.0,28.0,0.0,1.0,19.0,0.0,0.0,18.0,0.0,0.0,0.0,1.0,0.0,0.0,1.0,0.0,0.0,0.0,0.0,3.0,45.0,57.0,65.0,0.0,0.0,13.19760479041916
1,19129,0.0,0.0,6.0,7.0,3.0,29.0,7.0,20.0,0.0,0.0,7.0,0.0,1.0,8.0,1.0,0.0,0.0,0.0,0.0,0.0,0.0,0.0,0.0,0.0,0.0,7.0,75.0,12.0,9.0,0.0,0.0,13.625
1,19130,0.0,2.0,8.0,4.0,10.0,106.0,58.0,27.0,0.0,0.0,4.0,0.0,1.0,25.0,0.0,0.0,1.0,6.0,0.0,0.0,1.0,0.0,0.0,0.0,0.0,15.0,6.0,52.0,192.0,18.0,0.0,13.529850746268655
1,19131,0.0,3.0,8.0,29.0,11.0,98.0,37.0,102.0,0.0,0.0,16.0,0.0,5.0,30.0,13.0,0.0,3.0,7.0,0.0,0.0,0.0,0.0,0.0,2.0,0.0,23.0,18.0,180.0,189.0,0.0,0.0,13.956072351421188
1,19132,1.0,2.0,23.0,35.0,21.0,95.0,66.0,111.0,2.0,0.0,15.0,0.0,3.0,67.0,16.0,0.0,2.0,9.0,0.0,1.0,1.0,0.0,0.0,0.0,0.0,62.0,159.0,144.0,214.0,15.0,0.0,13.177024482109228
1,19133,1.0,2.0,14.0,21.0,14.0,71.0,38.0,30.0,4.0,0.0,8.0,0.0,3.0,23.0,8.0,0.0,0.0,19.0,0.0,0.0,0.0,0.0,0.0,0.0,0.0,31.0,136.0,2.0,74.0,75.0,0.0,13.381118881118882
1,19134,2.0,4.0,33.0,44.0,23.0,118.0,59.0,93.0,11.0,0.0,18.0,3.0,7.0,48.0,23.0,9.0,5.0,72.0,1.0,0.0,7.0,1.0,0.0,4.0,0.0,117.0,166.0,299.0,237.0,0.0,0.0,13.804285714285715
1,19135,1.0,0.0,8.0,12.0,6.0,124.0,45.0,32.0,0.0,0.0,7.0,0.0,5.0,34.0,4.0,0.0,3.0,3.0,0.0,0.0,1.0,0.0,0.0,0.0,0.0,18.0,0.0,173.0,130.0,0.0,0.0,12.798013245033111
1,19136,0.0,1.0,11.0,7.0,2.0,59.0,40.0,30.0,2.0,0.0,46.0,1.0,2.0,30.0,2.0,0.0,0.0,5.0,0.0,0.0,0.0,0.0,0.0,2.0,0.0,14.0,125.0,0.0,129.0,0.0,0.0,12.362204724409448
1,19137,0.0,0.0,1.0,2.0,3.0,47.0,8.0,20.0,0.0,0.0,3.0,0.0,3.0,9.0,0.0,0.0,0.0,1.0,0.0,0.0,0.0,0.0,0.0,0.0,0.0,3.0,66.0,14.0,20.0,0.0,0.0,13.63
1,19138,0.0,0.0,7.0,18.0,12.0,45.0,45.0,52.0,0.0,1.0,14.0,1.0,4.0,33.0,6.0,0.0,3.0,3.0,0.0,5.0,2.0,0.0,0.0,0.0,0.0,23.0,211.0,8.0,55.0,0.0,0.0,12.883211678832115
1,19139,0.0,3.0,19.0,26.0,19.0,90.0,43.0,108.0,1.0,0.0,18.0,0.0,4.0,54.0,21.0,0.0,2.0,5.0,0.0,0.0,2.0,1.0,0.0,0.0,0.0,39.0,87.0,329.0,39.0,0.0,0.0,13.428571428571429
1,19140,3.0,3.0,46.0,49.0,18.0,107.0,70.0,111.0,0.0,0.0,16.0,1.0,6.0,62.0,19.0,2.0,6.0,14.0,0.0,1.0,2.0,1.0,0.0,1.0,0.0,52.0,128.0,334.0,47.0,81.0,0.0,13.281090289608176
1,19141,1.0,2.0,16.0,20.0,6.0,69.0,48.0,61.0,0.0,0.0,11.0,0.0,1.0,21.0,12.0,0.0,4.0,3.0,0.0,1.0,1.0,0.0,0.0,0.0,0.0,28.0,56.0,132.0,117.0,0.0,0.0,13.796052631578949
1,19142,0.0,0.0,13.0,11.0,9.0,58.0,25.0,59.0,0.0,0.0,9.0,0.0,1.0,35.0,9.0,0.0,1.0,8.0,0.0,0.0,1.0,0.0,1.0,0.0,0.0,21.0,39.0,125.0,96.0,1.0,0.0,13.478927203065131
1,19143,2.0,2.0,16.0,38.0,18.0,86.0,75.0,100.0,5.0,1.0,30.0,1.0,2.0,78.0,21.0,0.0,6.0,4.0,0.0,0.0,1.0,0.0,0.0,1.0,0.0,43.0,83.0,124.0,163.0,160.0,0.0,12.958333333333334
1,19144,0.0,3.0,9.0,21.0,15.0,118.0,52.0,76.0,3.0,1.0,24.0,0.0,3.0,56.0,8.0,0.0,4.0,9.0,0.0,14.0,5.0,0.0,0.0,0.0,0.0,28.0,166.0,177.0,106.0,0.0,0.0,13.565701559020043
1,19145,0.0,1.0,16.0,11.0,10.0,137.0,29.0,37.0,3.0,0.0,30.0,1.0,3.0,38.0,4.0,0.0,1.0,0.0,0.0,0.0,5.0,0.0,0.0,0.0,0.0,11.0,189.0,117.0,31.0,0.0,0.0,13.385756676557865
1,19146,0.0,0.0,4.0,7.0,9.0,85.0,29.0,29.0,1.0,1.0,19.0,1.0,0.0,31.0,8.0,0.0,1.0,2.0,0.0,2.0,2.0,0.0,0.0,0.0,0.0,9.0,130.0,49.0,61.0,0.0,0.0,13.875
1,19147,0.0,0.0,12.0,7.0,7.0,99.0,20.0,35.0,0.0,0.0,7.0,0.0,0.0,19.0,2.0,0.0,0.0,0.0,0.0,0.0,2.0,1.0,0.0,1.0,0.0,10.0,114.0,34.0,74.0,0.0,0.0,13.112612612612612
1,19148,0.0,1.0,7.0,8.0,11.0,136.0,29.0,49.0,0.0,0.0,17.0,1.0,3.0,39.0,2.0,0.0,3.0,0.0,0.0,0.0,2.0,10.0,0.0,0.0,0.0,21.0,2.0,151.0,186.0,0.0,0.0,14.097345132743364
1,19149,0.0,1.0,28.0,20.0,8.0,91.0,65.0,34.0,1.0,1.0,19.0,0.0,3.0,39.0,1.0,0.0,3.0,0.0,0.0,1.0,0.0,0.0,0.0,0.0,0.0,11.0,116.0,83.0,127.0,0.0,0.0,13.058282208588958
1,19150,0.0,0.0,7.0,5.0,1.0,19.0,32.0,27.0,0.0,1.0,11.0,0.0,0.0,21.0,2.0,0.0,0.0,1.0,0.0,1.0,0.0,0.0,0.0,0.0,0.0,5.0,61.0,1.0,0.0,71.0,0.0,13.150375939849624
1,19151,1.0,1.0,4.0,14.0,6.0,46.0,22.0,62.0,1.0,0.0,12.0,0.0,3.0,29.0,3.0,0.0,0.0,1.0,0.0,0.0,3.0,0.0,0.0,0.0,0.0,23.0,154.0,71.0,6.0,0.0,0.0,13.130434782608695
1,19152,0.0,0.0,6.0,5.0,6.0,72.0,30.0,27.0,0.0,1.0,9.0,0.0,1.0,10.0,0.0,0.0,0.0,0.0,0.0,0.0,0.0,0.0,0.0,0.0,0.0,4.0,78.0,15.0,78.0,0.0,0.0,13.578947368421051
1,19153,0.0,0.0,2.0,5.0,2.0,85.0,18.0,33.0,0.0,0.0,19.0,0.0,10.0,14.0,2.0,0.0,1.0,4.0,0.0,0.0,1.0,0.0,0.0,0.0,0.0,5.0,118.0,0.0,14.0,0.0,69.0,13.36318407960199
1,19154,0.0,0.0,3.0,3.0,7.0,75.0,19.0,22.0,0.0,0.0,6.0,1.0,0.0,20.0,0.0,0.0,1.0,0.0,0.0,0.0,1.0,0.0,0.0,0.0,0.0,10.0,0.0,15.0,153.0,0.0,0.0,14.089285714285714
2,19102,0.0,0.0,8.0,4.0,6.0,69.0,1.0,27.0,0.0,0.0,4.0,0.0,0.0,6.0,1.0,0.0,2.0,1.0,0.0,0.0,0.0,0.0,0.0,6.0,0.0,31.0,79.0,87.0,0.0,0.0,0.0,12.24698795180723
2,19103,0.0,0.0,1.0,3.0,4.0,72.0,4.0,24.0,0.0,1.0,3.0,1.0,0.0,12.0,0.0,0.0,0.0,0.0,0.0,0.0,0.0,0.0,0.0,1.0,0.0,3.0,68.0,61.0,0.0,0.0,0.0,13.333333333333334
2,19104,1.0,2.0,15.0,19.0,13.0,145.0,19.0,59.0,2.0,0.0,10.0,0.0,2.0,45.0,11.0,0.0,2.0,4.0,0.0,0.0,5.0,0.0,1.0,5.0,0.0,49.0,151.0,100.0,158.0,0.0,0.0,13.417690417690418
2,19106,0.0,1.0,6.0,6.0,2.0,41.0,10.0,17.0,1.0,0.0,6.0,0.0,1.0,8.0,1.0,0.0,0.0,0.0,0.0,0.0,0.0,0.0,0.0,0.0,0.0,6.0,8.0,62.0,36.0,0.0,0.0,13.556603773584904
2,19107,1.0,1.0,12.0,12.0,5.0,184.0,10.0,55.0,0.0,3.0,11.0,1.0,1.0,19.0,2.0,1.0,1.0,0.0,0.0,0.0,0.0,0.0,0.0,9.0,0.0,23.0,23.0,138.0,190.0,0.0,0.0,13.974285714285717
2,19109,0.0,0.0,0.0,0.0,0.0,0.0,0.0,0.0,0.0,0.0,0.0,0.0,0.0,0.0,0.0,0.0,0.0,0.0,0.0,0.0,0.0,0.0,0.0,0.0,0.0,0.0,0.0,0.0,0.0,0.0,0.0,0.0
2,19110,0.0,0.0,0.0,0.0,0.0,0.0,0.0,0.0,0.0,0.0,0.0,0.0,0.0,0.0,0.0,0.0,0.0,0.0,0.0,0.0,0.0,0.0,0.0,0.0,0.0,0.0,0.0,0.0,0.0,0.0,0.0,0.0
2,19111,0.0,2.0,10.0,12.0,6.0,76.0,53.0,38.0,4.0,0.0,19.0,0.0,0.0,42.0,3.0,0.0,3.0,1.0,0.0,0.0,1.0,0.0,0.0,0.0,0.0,13.0,84.0,76.0,123.0,0.0,0.0,12.69964664310954
2,19112,0.0,0.0,1.0,0.0,0.0,0.0,0.0,1.0,0.0,0.0,0.0,0.0,0.0,0.0,0.0,0.0,0.0,0.0,0.0,0.0,0.0,0.0,0.0,0.0,0.0,0.0,0.0,2.0,0.0,0.0,0.0,16.0
2,19113,0.0,0.0,0.0,0.0,0.0,0.0,0.0,0.0,0.0,0.0,0.0,0.0,0.0,0.0,0.0,0.0,0.0,0.0,0.0,0.0,0.0,0.0,0.0,0.0,0.0,0.0,0.0,0.0,0.0,0.0,0.0,0.0
2,19114,0.0,0.0,5.0,4.0,2.0,69.0,28.0,23.0,0.0,0.0,7.0,0.0,2.0,20.0,2.0,0.0,0.0,2.0,0.0,1.0,0.0,0.0,0.0,0.0,0.0,6.0,16.0,154.0,1.0,0.0,0.0,12.789473684210526
2,19115,0.0,0.0,1.0,6.0,4.0,66.0,19.0,9.0,1.0,0.0,11.0,0.0,0.0,17.0,0.0,0.0,0.0,0.0,0.0,0.0,2.0,0.0,0.0,0.0,0.0,1.0,4.0,129.0,4.0,0.0,0.0,13.62043795620438
2,19116,1.0,0.0,0.0,4.0,2.0,46.0,4.0,14.0,0.0,0.0,9.0,0.0,3.0,8.0,0.0,0.0,0.0,0.0,0.0,0.0,0.0,0.0,0.0,0.0,0.0,2.0,0.0,1.0,92.0,0.0,0.0,13.130434782608695
2,19118,0.0,0.0,1.0,2.0,1.0,12.0,8.0,3.0,0.0,3.0,6.0,0.0,0.0,5.0,0.0,0.0,0.0,0.0,0.0,0.0,0.0,0.0,0.0,0.0,0.0,0.0,0.0,0.0,0.0,41.0,0.0,13.341463414634148
2,19119,0.0,0.0,2.0,2.0,5.0,41.0,22.0,23.0,0.0,2.0,2.0,0.0,1.0,18.0,2.0,0.0,0.0,0.0,0.0,2.0,0.0,0.0,0.0,0.0,0.0,6.0,24.0,25.0,50.0,29.0,0.0,12.5234375
2,19120,2.0,1.0,24.0,20.0,9.0,90.0,79.0,66.0,1.0,0.0,20.0,0.0,2.0,45.0,3.0,0.0,2.0,1.0,0.0,0.0,1.0,1.0,0.0,0.0,0.0,44.0,140.0,271.0,0.0,0.0,0.0,12.115196078431373
2,19121,1.0,1.0,16.0,33.0,25.0,127.0,97.0,88.0,3.0,0.0,15.0,0.0,4.0,39.0,9.0,0.0,3.0,7.0,0.0,2.0,1.0,0.0,0.0,2.0,0.0,25.0,107.0,87.0,143.0,161.0,0.0,12.81287726358149
2,19122,0.0,1.0,16.0,4.0,7.0,96.0,60.0,30.0,0.0,0.0,6.0,1.0,0.0,22.0,3.0,0.0,1.0,0.0,0.0,0.0,0.0,0.0,0.0,1.0,0.0,13.0,59.0,167.0,35.0,0.0,0.0,12.74712643678161
2,19123,0.0,1.0,8.0,4.0,9.0,80.0,36.0,23.0,1.0,0.0,3.0,0.0,2.0,28.0,3.0,1.0,1.0,0.0,0.0,0.0,1.0,0.0,0.0,3.0,0.0,17.0,120.0,76.0,25.0,0.0,0.0,12.44343891402715
2,19124,1.0,3.0,21.0,37.0,13.0,171.0,89.0,96.0,2.0,1.0,14.0,1.0,3.0,47.0,11.0,0.0,20.0,11.0,0.0,0.0,2.0,0.0,0.0,1.0,0.0,40.0,434.0,150.0,0.0,0.0,0.0,13.25557461406518
2,19125,1.0,1.0,6.0,5.0,5.0,90.0,53.0,24.0,0.0,0.0,6.0,0.0,2.0,27.0,5.0,5.0,0.0,1.0,0.0,0.0,1.0,1.0,0.0,0.0,0.0,13.0,1.0,9.0,236.0,0.0,0.0,12.902040816326531
2,19126,0.0,0.0,2.0,9.0,2.0,18.0,27.0,20.0,0.0,0.0,7.0,0.0,2.0,6.0,4.0,0.0,0.0,1.0,0.0,1.0,1.0,0.0,0.0,0.0,0.0,6.0,71.0,0.0,35.0,0.0,0.0,12.39622641509434
2,19127,0.0,0.0,1.0,0.0,0.0,26.0,9.0,6.0,1.0,0.0,4.0,0.0,0.0,9.0,0.0,0.0,0.0,0.0,0.0,0.0,0.0,0.0,0.0,0.0,0.0,0.0,30.0,25.0,1.0,0.0,0.0,10.517857142857142
2,19128,0.0,0.0,2.0,5.0,6.0,59.0,11.0,29.0,0.0,2.0,12.0,0.0,2.0,10.0,0.0,0.0,0.0,3.0,0.0,0.0,0.0,0.0,0.0,1.0,0.0,10.0,52.0,55.0,45.0,0.0,0.0,12.3841059602649
2,19129,0.0,0.0,2.0,4.0,0.0,29.0,8.0,11.0,0.0,0.0,8.0,0.0,2.0,6.0,1.0,0.0,1.0,0.0,0.0,0.0,0.0,0.0,0.0,0.0,0.0,7.0,59.0,14.0,6.0,0.0,0.0,13.291139240506327
2,19130,0.0,0.0,9.0,5.0,11.0,147.0,55.0,23.0,0.0,1.0,3.0,1.0,1.0,23.0,1.0,0.0,0.0,3.0,0.0,0.0,1.0,0.0,0.0,0.0,0.0,17.0,6.0,52.0,228.0,15.0,0.0,12.704318936877076
2,19131,0.0,1.0,7.0,24.0,11.0,84.0,43.0,87.0,1.0,1.0,18.0,0.0,1.0,40.0,6.0,5.0,1.0,3.0,0.0,0.0,1.0,0.0,0.0,0.0,0.0,31.0,26.0,165.0,174.0,0.0,0.0,13.58082191780822
2,19132,4.0,0.0,12.0,27.0,13.0,84.0,63.0,99.0,1.0,1.0,14.0,0.0,4.0,50.0,12.0,0.0,5.0,8.0,0.0,0.0,3.0,0.0,0.0,1.0,0.0,46.0,125.0,131.0,181.0,10.0,0.0,12.505643340857787
2,19133,2.0,0.0,8.0,27.0,9.0,72.0,42.0,37.0,2.0,0.0,5.0,1.0,3.0,28.0,12.0,0.0,3.0,20.0,0.0,0.0,6.0,0.0,0.0,0.0,0.0,21.0,155.0,3.0,69.0,71.0,0.0,13.574324324324325
2,19134,3.0,4.0,21.0,47.0,16.0,83.0,50.0,87.0,2.0,1.0,15.0,2.0,14.0,55.0,27.0,0.0,1.0,78.0,0.0,1.0,6.0,0.0,0.0,3.0,0.0,140.0,124.0,285.0,247.0,0.0,0.0,13.552833078101072
2,19135,1.0,1.0,5.0,7.0,0.0,98.0,33.0,25.0,1.0,0.0,6.0,0.0,2.0,22.0,5.0,0.0,1.0,3.0,0.0,0.0,1.0,0.0,0.0,0.0,0.0,16.0,0.0,136.0,91.0,0.0,0.0,13.513274336283184
2,19136,1.0,0.0,6.0,12.0,4.0,33.0,34.0,30.0,1.0,1.0,10.0,0.0,0.0,24.0,0.0,0.0,0.0,3.0,0.0,0.0,0.0,0.0,0.0,0.0,0.0,14.0,96.0,1.0,76.0,0.0,0.0,13.482558139534884
2,19137,0.0,1.0,2.0,1.0,3.0,32.0,7.0,12.0,1.0,0.0,3.0,0.0,2.0,12.0,0.0,0.0,0.0,1.0,0.0,1.0,2.0,0.0,0.0,0.0,0.0,0.0,56.0,8.0,16.0,0.0,0.0,12.9375
2,19138,0.0,0.0,10.0,12.0,7.0,39.0,45.0,34.0,2.0,1.0,11.0,0.0,4.0,26.0,7.0,0.0,0.0,3.0,0.0,3.0,3.0,0.0,0.0,0.0,0.0,14.0,169.0,5.0,47.0,0.0,0.0,12.434389140271492
2,19139,0.0,2.0,12.0,30.0,16.0,95.0,32.0,105.0,2.0,0.0,4.0,0.0,5.0,54.0,11.0,0.0,3.0,5.0,0.0,0.0,4.0,0.0,0.0,1.0,0.0,60.0,90.0,322.0,29.0,0.0,0.0,13.117913832199546
2,19140,2.0,6.0,26.0,45.0,20.0,105.0,72.0,126.0,3.0,1.0,14.0,1.0,5.0,52.0,21.0,4.0,8.0,11.0,0.0,0.0,2.0,1.0,0.0,4.0,0.0,52.0,155.0,300.0,36.0,90.0,0.0,13.237024221453288
2,19141,1.0,2.0,13.0,12.0,9.0,57.0,51.0,49.0,1.0,1.0,12.0,0.0,3.0,26.0,6.0,0.0,0.0,2.0,0.0,0.0,2.0,1.0,0.0,0.0,0.0,15.0,55.0,108.0,100.0,0.0,0.0,12.751908396946565
2,19142,0.0,2.0,2.0,22.0,10.0,38.0,28.0,66.0,1.0,0.0,12.0,0.0,6.0,19.0,7.0,0.0,1.0,5.0,0.0,0.0,3.0,0.0,0.0,0.0,0.0,32.0,29.0,106.0,119.0,0.0,0.0,13.047244094488187
2,19143,2.0,2.0,10.0,21.0,19.0,68.0,51.0,86.0,0.0,0.0,22.0,0.0,5.0,68.0,28.0,0.0,2.0,5.0,0.0,0.0,2.0,0.0,0.0,0.0,0.0,52.0,95.0,88.0,136.0,124.0,0.0,13.086167800453516
2,19144,0.0,2.0,15.0,17.0,13.0,78.0,69.0,92.0,1.0,0.0,13.0,0.0,2.0,31.0,12.0,0.0,1.0,3.0,0.0,22.0,1.0,1.0,0.0,0.0,0.0,23.0,153.0,146.0,97.0,0.0,0.0,13.116161616161616
2,19145,0.0,0.0,10.0,9.0,6.0,112.0,41.0,38.0,2.0,0.0,30.0,0.0,1.0,38.0,1.0,0.0,3.0,0.0,0.0,1.0,1.0,0.0,0.0,0.0,0.0,11.0,175.0,100.0,29.0,0.0,0.0,13.154605263157896
2,19146,1.0,1.0,7.0,4.0,12.0,78.0,32.0,42.0,0.0,1.0,17.0,0.0,3.0,19.0,3.0,0.0,2.0,1.0,0.0,1.0,0.0,0.0,0.0,0.0,0.0,10.0,113.0,51.0,70.0,0.0,0.0,13.274678111587985
2,19147,0.0,1.0,6.0,6.0,9.0,89.0,22.0,25.0,0.0,0.0,15.0,0.0,1.0,19.0,1.0,0.0,2.0,0.0,0.0,0.0,1.0,0.0,0.0,0.0,0.0,7.0,117.0,28.0,59.0,0.0,0.0,14.15686274509804
2,19148,0.0,0.0,7.0,12.0,8.0,113.0,23.0,50.0,0.0,0.0,11.0,0.0,0.0,21.0,2.0,0.0,0.0,3.0,0.0,1.0,0.0,0.0,0.0,0.0,0.0,18.0,1.0,148.0,120.0,0.0,0.0,13.185873605947956
2,19149,0.0,1.0,14.0,12.0,6.0,99.0,56.0,33.0,0.0,1.0,21.0,0.0,2.0,36.0,2.0,0.0,3.0,0.0,0.0,0.0,1.0,0.0,0.0,0.0,0.0,12.0,104.0,80.0,115.0,0.0,0.0,12.732441471571908
2,19150,0.0,0.0,2.0,12.0,1.0,17.0,28.0,18.0,0.0,2.0,7.0,0.0,2.0,34.0,1.0,0.0,0.0,0.0,0.0,3.0,0.0,0.0,0.0,0.0,0.0,6.0,70.0,0.0,0.0,63.0,0.0,13.676691729323307
2,19151,1.0,1.0,4.0,12.0,4.0,38.0,30.0,51.0,1.0,0.0,12.0,1.0,0.0,31.0,7.0,0.0,1.0,1.0,0.0,0.0,2.0,0.0,0.0,0.0,0.0,14.0,130.0,68.0,13.0,0.0,0.0,13.1
2,19152,0.0,0.0,2.0,8.0,5.0,77.0,44.0,19.0,0.0,0.0,23.0,0.0,1.0,28.0,1.0,0.0,0.0,0.0,0.0,0.0,1.0,0.0,0.0,0.0,0.0,10.0,103.0,8.0,108.0,0.0,0.0,12.19634703196347
2,19153,0.0,0.0,3.0,3.0,4.0,60.0,28.0,41.0,0.0,0.0,11.0,1.0,1.0,16.0,1.0,1.0,0.0,2.0,0.0,0.0,0.0,0.0,0.0,1.0,0.0,9.0,108.0,1.0,10.0,0.0,63.0,13.175824175824175
2,19154,0.0,0.0,1.0,8.0,0.0,62.0,15.0,24.0,0.0,0.0,9.0,1.0,2.0,22.0,1.0,0.0,0.0,0.0,0.0,0.0,1.0,0.0,0.0,0.0,0.0,5.0,0.0,20.0,131.0,0.0,0.0,13.536423841059603
3,19102,0.0,0.0,6.0,6.0,3.0,62.0,1.0,24.0,1.0,1.0,1.0,0.0,0.0,3.0,3.0,0.0,2.0,2.0,0.0,0.0,0.0,0.0,0.0,2.0,0.0,21.0,87.0,51.0,0.0,0.0,0.0,13.125925925925928
3,19103,0.0,0.0,1.0,2.0,5.0,80.0,4.0,13.0,1.0,0.0,4.0,1.0,0.0,6.0,0.0,0.0,0.0,0.0,0.0,0.0,0.0,0.0,0.0,1.0,0.0,6.0,59.0,65.0,0.0,0.0,0.0,13.685483870967742
3,19104,1.0,2.0,8.0,19.0,15.0,154.0,33.0,54.0,1.0,0.0,16.0,1.0,3.0,54.0,8.0,0.0,2.0,5.0,0.0,0.0,2.0,0.0,0.0,4.0,0.0,62.0,146.0,115.0,183.0,0.0,0.0,13.296127562642369
3,19106,0.0,0.0,4.0,2.0,6.0,52.0,9.0,12.0,1.0,1.0,5.0,0.0,0.0,10.0,1.0,0.0,1.0,0.0,0.0,0.0,0.0,0.0,0.0,2.0,0.0,7.0,9.0,49.0,53.0,2.0,0.0,13.097345132743364
3,19107,0.0,1.0,12.0,8.0,10.0,170.0,12.0,65.0,2.0,0.0,7.0,0.0,1.0,24.0,2.0,1.0,4.0,3.0,0.0,0.0,2.0,0.0,1.0,2.0,0.0,20.0,26.0,138.0,183.0,0.0,0.0,13.193641618497107
3,19109,0.0,0.0,0.0,0.0,0.0,0.0,0.0,0.0,0.0,0.0,0.0,0.0,0.0,0.0,0.0,0.0,0.0,0.0,0.0,0.0,0.0,0.0,0.0,0.0,0.0,0.0,0.0,0.0,0.0,0.0,0.0,0.0
3,19110,0.0,0.0,0.0,0.0,0.0,0.0,0.0,0.0,0.0,0.0,0.0,0.0,0.0,0.0,0.0,0.0,0.0,0.0,0.0,0.0,0.0,0.0,0.0,0.0,0.0,0.0,0.0,0.0,0.0,0.0,0.0,0.0
3,19111,0.0,1.0,7.0,10.0,7.0,85.0,40.0,35.0,3.0,1.0,21.0,0.0,2.0,26.0,1.0,0.0,2.0,1.0,0.0,0.0,1.0,0.0,0.0,2.0,0.0,16.0,70.0,69.0,122.0,0.0,0.0,13.619607843137254
3,19112,0.0,0.0,0.0,0.0,0.0,1.0,0.0,1.0,0.0,0.0,0.0,0.0,0.0,0.0,0.0,0.0,0.0,0.0,0.0,0.0,0.0,0.0,0.0,0.0,0.0,0.0,0.0,2.0,0.0,0.0,0.0,11.0
3,19113,0.0,0.0,0.0,0.0,0.0,0.0,0.0,0.0,0.0,0.0,0.0,0.0,0.0,0.0,0.0,0.0,0.0,0.0,0.0,0.0,0.0,0.0,0.0,0.0,0.0,0.0,0.0,0.0,0.0,0.0,0.0,0.0
3,19114,0.0,0.0,2.0,4.0,7.0,93.0,15.0,24.0,0.0,1.0,15.0,0.0,1.0,18.0,0.0,0.0,0.0,0.0,0.0,0.0,3.0,0.0,0.0,0.0,0.0,9.0,15.0,174.0,3.0,0.0,0.0,12.565445026178011
3,19115,0.0,0.0,0.0,3.0,7.0,44.0,27.0,23.0,0.0,0.0,9.0,1.0,3.0,9.0,2.0,0.0,0.0,0.0,0.0,0.0,1.0,0.0,0.0,0.0,0.0,5.0,3.0,122.0,9.0,0.0,0.0,12.699248120300751
3,19116,0.0,4.0,1.0,2.0,3.0,41.0,12.0,14.0,0.0,3.0,6.0,0.0,2.0,19.0,0.0,0.0,0.0,1.0,0.0,0.0,0.0,0.0,0.0,1.0,0.0,5.0,1.0,2.0,111.0,0.0,0.0,13.144144144144144
3,19118,0.0,0.0,0.0,0.0,0.0,14.0,0.0,3.0,0.0,2.0,4.0,0.0,0.0,0.0,0.0,0.0,0.0,0.0,0.0,0.0,0.0,0.0,0.0,0.0,0.0,1.0,0.0,0.0,0.0,24.0,0.0,15.708333333333334
3,19119,0.0,1.0,3.0,3.0,3.0,25.0,20.0,12.0,2.0,6.0,11.0,0.0,2.0,17.0,2.0,0.0,0.0,0.0,0.0,1.0,0.0,0.0,0.0,0.0,0.0,8.0,26.0,27.0,39.0,24.0,0.0,12.6875
3,19120,0.0,5.0,17.0,32.0,14.0,117.0,88.0,92.0,3.0,0.0,18.0,0.0,2.0,61.0,15.0,0.0,3.0,6.0,0.0,0.0,3.0,0.0,0.0,0.0,0.0,60.0,151.0,385.0,0.0,0.0,0.0,12.953216374269006
3,19121,0.0,6.0,13.0,30.0,28.0,123.0,62.0,97.0,5.0,0.0,19.0,0.0,3.0,63.0,9.0,0.0,5.0,9.0,0.0,0.0,3.0,0.0,0.0,1.0,0.0,21.0,116.0,98.0,117.0,166.0,0.0,12.561076604554865
3,19122,0.0,0.0,7.0,9.0,10.0,87.0,38.0,37.0,0.0,0.0,6.0,0.0,0.0,24.0,2.0,0.0,0.0,2.0,0.0,0.0,2.0,0.0,0.0,0.0,0.0,13.0,69.0,140.0,28.0,0.0,0.0,13.27111111111111
3,19123,1.0,0.0,11.0,7.0,10.0,93.0,29.0,28.0,1.0,1.0,12.0,0.0,2.0,22.0,2.0,0.0,1.0,0.0,0.0,0.0,0.0,0.0,0.0,4.0,0.0,8.0,142.0,66.0,24.0,0.0,0.0,13.11504424778761
3,19124,2.0,4.0,25.0,47.0,8.0,182.0,84.0,93.0,3.0,1.0,26.0,2.0,12.0,49.0,14.0,3.0,14.0,21.0,0.0,1.0,3.0,0.0,0.0,2.0,3.0,42.0,486.0,153.0,2.0,0.0,0.0,13.068362480127186
3,19125,0.0,0.0,5.0,7.0,9.0,75.0,44.0,28.0,1.0,0.0,12.0,0.0,0.0,16.0,0.0,1.0,1.0,1.0,0.0,1.0,2.0,0.0,0.0,0.0,0.0,9.0,1.0,6.0,205.0,0.0,0.0,13.208955223880595
3,19126,0.0,2.0,5.0,4.0,0.0,17.0,21.0,24.0,0.0,0.0,5.0,0.0,3.0,19.0,2.0,0.0,0.0,0.0,0.0,0.0,0.0,0.0,0.0,0.0,0.0,5.0,76.0,0.0,31.0,0.0,0.0,12.303030303030305
3,19127,0.0,0.0,0.0,0.0,4.0,23.0,2.0,1.0,0.0,1.0,1.0,1.0,0.0,10.0,0.0,0.0,0.0,0.0,0.0,0.0,0.0,0.0,0.0,0.0,0.0,1.0,26.0,18.0,0.0,0.0,0.0,11.930232558139537
3,19128,0.0,0.0,2.0,5.0,6.0,67.0,13.0,37.0,0.0,1.0,15.0,0.0,2.0,13.0,1.0,0.0,1.0,4.0,0.0,0.0,1.0,0.0,0.0,0.0,0.0,15.0,75.0,53.0,55.0,0.0,0.0,12.88950276243094
3,19129,0.0,0.0,4.0,4.0,1.0,17.0,11.0,25.0,0.0,1.0,6.0,0.0,0.0,8.0,2.0,0.0,2.0,1.0,0.0,0.0,0.0,0.0,0.0,0.0,0.0,9.0,65.0,17.0,9.0,0.0,0.0,13.069767441860463
3,19130,0.0,3.0,11.0,4.0,7.0,140.0,47.0,29.0,1.0,1.0,4.0,0.0,0.0,34.0,0.0,0.0,1.0,5.0,0.0,0.0,0.0,0.0,0.0,0.0,0.0,22.0,1.0,59.0,216.0,33.0,0.0,13.15032679738562
3,19131,1.0,1.0,11.0,15.0,12.0,83.0,43.0,86.0,0.0,0.0,10.0,0.0,2.0,36.0,4.0,0.0,2.0,7.0,0.0,1.0,4.0,0.0,0.0,0.0,0.0,57.0,26.0,179.0,170.0,0.0,0.0,13.501392757660168
3,19132,4.0,4.0,20.0,32.0,18.0,92.0,80.0,104.0,2.0,1.0,13.0,1.0,4.0,79.0,15.0,0.0,3.0,7.0,0.0,1.0,3.0,0.0,0.0,0.0,0.0,54.0,160.0,126.0,234.0,17.0,0.0,12.96078431372549
3,19133,2.0,1.0,9.0,25.0,12.0,67.0,27.0,50.0,2.0,1.0,10.0,1.0,1.0,21.0,16.0,0.0,1.0,23.0,0.0,0.0,1.0,0.0,0.0,2.0,0.0,24.0,111.0,1.0,88.0,96.0,0.0,13.62152777777778
3,19134,2.0,4.0,21.0,40.0,22.0,123.0,42.0,106.0,6.0,2.0,30.0,1.0,17.0,45.0,14.0,0.0,4.0,75.0,0.0,0.0,8.0,0.0,0.0,4.0,0.0,130.0,173.0,286.0,237.0,0.0,0.0,13.662299854439592
3,19135,0.0,0.0,7.0,11.0,4.0,127.0,53.0,29.0,2.0,0.0,8.0,1.0,7.0,27.0,3.0,0.0,1.0,2.0,0.0,1.0,1.0,0.0,0.0,0.0,0.0,11.0,0.0,172.0,123.0,0.0,0.0,13.435087719298243
3,19136,0.0,1.0,8.0,17.0,7.0,75.0,48.0,51.0,3.0,0.0,15.0,0.0,3.0,25.0,3.0,0.0,1.0,2.0,0.0,1.0,1.0,0.0,0.0,0.0,0.0,27.0,145.0,1.0,142.0,0.0,0.0,12.75268817204301
3,19137,0.0,0.0,1.0,4.0,3.0,51.0,9.0,14.0,0.0,0.0,0.0,0.0,1.0,13.0,0.0,0.0,1.0,0.0,0.0,0.0,0.0,0.0,0.0,0.0,0.0,3.0,75.0,5.0,20.0,0.0,0.0,12.717171717171718
3,19138,0.0,1.0,8.0,11.0,5.0,45.0,38.0,38.0,0.0,1.0,13.0,0.0,0.0,29.0,8.0,0.0,1.0,3.0,0.0,3.0,0.0,0.0,0.0,0.0,0.0,23.0,171.0,9.0,47.0,0.0,0.0,13.200892857142858
3,19139,3.0,3.0,11.0,43.0,20.0,84.0,47.0,101.0,1.0,0.0,23.0,0.0,2.0,74.0,18.0,0.0,4.0,9.0,0.0,0.0,1.0,0.0,0.0,0.0,0.0,58.0,106.0,369.0,27.0,0.0,0.0,13.255578093306289
3,19140,2.0,4.0,9.0,38.0,26.0,103.0,77.0,110.0,4.0,1.0,19.0,0.0,6.0,66.0,17.0,4.0,3.0,11.0,0.0,0.0,5.0,0.0,0.0,2.0,1.0,161.0,170.0,352.0,58.0,89.0,0.0,12.938080495356036
3,19141,2.0,1.0,13.0,13.0,8.0,52.0,36.0,50.0,0.0,0.0,10.0,0.0,2.0,23.0,8.0,0.0,2.0,2.0,0.0,1.0,3.0,0.0,0.0,0.0,0.0,34.0,51.0,92.0,117.0,0.0,0.0,13.148760330578511
3,19142,0.0,2.0,9.0,20.0,23.0,52.0,34.0,59.0,0.0,0.0,13.0,1.0,6.0,35.0,12.0,0.0,0.0,4.0,0.0,0.0,1.0,0.0,1.0,0.0,0.0,37.0,35.0,135.0,139.0,0.0,0.0,14.06514657980456
3,19143,1.0,3.0,10.0,26.0,27.0,77.0,58.0,113.0,3.0,0.0,29.0,0.0,3.0,66.0,15.0,0.0,3.0,2.0,0.0,0.0,3.0,0.0,0.0,0.0,0.0,66.0,104.0,93.0,160.0,148.0,0.0,13.233870967741936
3,19144,1.0,0.0,4.0,25.0,16.0,82.0,42.0,84.0,0.0,1.0,21.0,0.0,3.0,49.0,9.0,0.0,2.0,4.0,0.0,8.0,0.0,1.0,0.0,1.0,0.0,29.0,139.0,153.0,90.0,0.0,0.0,13.013404825737265
3,19145,0.0,1.0,4.0,14.0,6.0,107.0,15.0,42.0,0.0,1.0,37.0,0.0,3.0,33.0,3.0,0.0,0.0,3.0,0.0,0.0,0.0,0.0,0.0,0.0,0.0,7.0,157.0,94.0,25.0,0.0,0.0,13.003623188405795
3,19146,2.0,2.0,5.0,8.0,16.0,65.0,46.0,33.0,0.0,0.0,28.0,0.0,1.0,20.0,3.0,0.0,2.0,2.0,0.0,2.0,2.0,0.0,0.0,1.0,0.0,23.0,138.0,61.0,62.0,0.0,0.0,12.74703557312253
3,19147,0.0,0.0,5.0,4.0,5.0,106.0,15.0,25.0,0.0,1.0,13.0,0.0,0.0,26.0,4.0,1.0,0.0,0.0,0.0,0.0,1.0,0.0,0.0,0.0,0.0,11.0,123.0,23.0,71.0,0.0,0.0,13.309859154929578
3,19148,0.0,1.0,8.0,13.0,7.0,117.0,19.0,44.0,0.0,0.0,10.0,0.0,1.0,19.0,3.0,1.0,0.0,2.0,0.0,0.0,1.0,0.0,1.0,1.0,0.0,25.0,2.0,131.0,140.0,0.0,0.0,13.896678966789668
3,19149,0.0,0.0,25.0,12.0,9.0,122.0,68.0,59.0,2.0,1.0,23.0,1.0,2.0,37.0,1.0,0.0,1.0,4.0,0.0,1.0,1.0,1.0,0.0,0.0,0.0,26.0,143.0,101.0,152.0,0.0,0.0,13.789203084832906
3,19150,0.0,0.0,3.0,4.0,0.0,22.0,15.0,26.0,0.0,1.0,12.0,0.0,1.0,20.0,4.0,0.0,0.0,0.0,0.0,7.0,0.0,0.0,0.0,0.0,0.0,4.0,47.0,0.0,0.0,72.0,0.0,13.88135593220339
3,19151,2.0,0.0,1.0,18.0,6.0,47.0,24.0,49.0,0.0,0.0,19.0,0.0,0.0,28.0,4.0,0.0,1.0,1.0,0.0,0.0,1.0,0.0,0.0,0.0,0.0,14.0,131.0,72.0,12.0,0.0,0.0,12.555555555555555
3,19152,0.0,0.0,8.0,6.0,4.0,77.0,51.0,25.0,0.0,0.0,18.0,0.0,2.0,26.0,2.0,0.0,1.0,0.0,0.0,0.0,0.0,0.0,0.0,0.0,0.0,4.0,127.0,21.0,76.0,0.0,0.0,12.8675799086758
3,19153,1.0,0.0,4.0,2.0,5.0,74.0,37.0,26.0,0.0,0.0,20.0,3.0,6.0,16.0,0.0,3.0,1.0,1.0,0.0,0.0,2.0,0.0,0.0,1.0,0.0,5.0,134.0,0.0,17.0,0.0,56.0,12.95609756097561
3,19154,0.0,0.0,1.0,7.0,0.0,91.0,25.0,18.0,0.0,2.0,10.0,0.0,0.0,17.0,0.0,0.0,1.0,1.0,0.0,0.0,1.0,0.0,0.0,0.0,0.0,4.0,0.0,11.0,167.0,0.0,0.0,12.69942196531792
4,19102,0.0,0.0,6.0,5.0,1.0,38.0,4.0,13.0,1.0,0.0,4.0,0.0,0.0,6.0,0.0,0.0,1.0,1.0,0.0,0.0,1.0,0.0,0.0,1.0,0.0,32.0,47.0,67.0,0.0,0.0,0.0,12.741379310344827
4,19103,0.0,0.0,5.0,0.0,11.0,78.0,9.0,18.0,0.0,0.0,6.0,2.0,0.0,11.0,0.0,0.0,1.0,0.0,0.0,0.0,0.0,0.0,0.0,0.0,0.0,3.0,77.0,67.0,0.0,0.0,0.0,14.0
4,19104,1.0,2.0,13.0,15.0,16.0,146.0,50.0,60.0,2.0,0.0,30.0,0.0,3.0,36.0,12.0,0.0,2.0,2.0,0.0,0.0,1.0,0.0,0.0,2.0,0.0,64.0,150.0,130.0,177.0,0.0,0.0,14.286486486486488
4,19106,0.0,1.0,4.0,5.0,1.0,55.0,7.0,14.0,0.0,1.0,8.0,0.0,1.0,4.0,0.0,0.0,0.0,0.0,0.0,0.0,0.0,0.0,0.0,0.0,0.0,13.0,7.0,65.0,41.0,1.0,0.0,12.849056603773583
4,19107,0.0,0.0,8.0,13.0,14.0,174.0,4.0,44.0,1.0,0.0,6.0,2.0,0.0,20.0,1.0,0.0,4.0,1.0,0.0,0.0,1.0,0.0,0.0,6.0,0.0,21.0,12.0,104.0,204.0,0.0,0.0,13.330645161290322
4,19109,0.0,0.0,0.0,0.0,0.0,0.0,0.0,0.0,0.0,0.0,0.0,0.0,0.0,0.0,0.0,0.0,0.0,0.0,0.0,0.0,0.0,0.0,0.0,0.0,0.0,1.0,0.0,0.0,1.0,0.0,0.0,0.0
4,19110,0.0,0.0,0.0,0.0,0.0,0.0,0.0,0.0,0.0,0.0,0.0,0.0,0.0,0.0,0.0,0.0,0.0,0.0,0.0,0.0,0.0,0.0,0.0,0.0,0.0,0.0,0.0,0.0,0.0,0.0,0.0,0.0
4,19111,1.0,1.0,6.0,16.0,6.0,82.0,76.0,52.0,1.0,0.0,17.0,1.0,3.0,23.0,0.0,0.0,2.0,1.0,0.0,0.0,3.0,0.0,0.0,0.0,0.0,12.0,67.0,93.0,143.0,0.0,0.0,14.03968253968254
4,19112,0.0,0.0,0.0,0.0,0.0,2.0,0.0,0.0,0.0,0.0,0.0,0.0,0.0,0.0,0.0,0.0,0.0,0.0,0.0,0.0,0.0,0.0,0.0,0.0,0.0,0.0,0.0,2.0,0.0,0.0,0.0,8.0
4,19113,0.0,0.0,0.0,0.0,0.0,0.0,0.0,0.0,0.0,0.0,0.0,0.0,0.0,0.0,0.0,0.0,0.0,0.0,0.0,0.0,0.0,0.0,0.0,0.0,0.0,0.0,0.0,0.0,0.0,0.0,0.0,0.0
4,19114,0.0,1.0,5.0,13.0,2.0,87.0,12.0,38.0,0.0,0.0,9.0,0.0,1.0,20.0,0.0,3.0,1.0,1.0,0.0,0.0,0.0,0.0,0.0,1.0,0.0,5.0,10.0,187.0,2.0,0.0,0.0,13.013513513513514
4,19115,0.0,0.0,1.0,3.0,1.0,41.0,31.0,9.0,0.0,0.0,10.0,0.0,2.0,15.0,4.0,0.0,0.0,1.0,0.0,0.0,1.0,0.0,0.0,1.0,0.0,3.0,5.0,113.0,5.0,0.0,0.0,13.551020408163266
4,19116,0.0,0.0,2.0,1.0,3.0,31.0,18.0,11.0,0.0,0.0,12.0,0.0,1.0,12.0,0.0,0.0,0.0,0.0,0.0,0.0,0.0,0.0,0.0,0.0,0.0,2.0,0.0,0.0,93.0,0.0,0.0,14.0625
4,19118,0.0,0.0,1.0,0.0,1.0,16.0,2.0,3.0,0.0,1.0,4.0,0.0,0.0,3.0,0.0,0.0,1.0,0.0,0.0,1.0,0.0,0.0,0.0,0.0,0.0,1.0,0.0,0.0,0.0,34.0,0.0,13.538461538461538
4,19119,0.0,0.0,2.0,7.0,1.0,14.0,21.0,18.0,0.0,2.0,6.0,0.0,1.0,15.0,1.0,0.0,0.0,0.0,0.0,2.0,0.0,0.0,0.0,0.0,0.0,9.0,23.0,30.0,35.0,11.0,0.0,12.764705882352942
4,19120,1.0,4.0,20.0,37.0,8.0,83.0,73.0,90.0,0.0,2.0,18.0,0.0,4.0,56.0,12.0,0.0,2.0,4.0,0.0,0.0,0.0,0.0,0.0,1.0,0.0,37.0,125.0,327.0,0.0,0.0,0.0,13.50887573964497
4,19121,1.0,1.0,12.0,29.0,24.0,131.0,61.0,98.0,1.0,1.0,10.0,0.0,2.0,78.0,10.0,0.0,2.0,4.0,0.0,0.0,2.0,0.0,1.0,2.0,0.0,17.0,112.0,104.0,114.0,157.0,0.0,13.28021978021978
4,19122,0.0,0.0,5.0,3.0,15.0,91.0,34.0,37.0,0.0,1.0,7.0,1.0,4.0,13.0,1.0,0.0,2.0,1.0,0.0,0.0,2.0,0.0,0.0,1.0,0.0,10.0,62.0,124.0,42.0,0.0,0.0,13.828282828282829
4,19123,1.0,1.0,9.0,9.0,5.0,79.0,26.0,23.0,1.0,0.0,14.0,0.0,1.0,16.0,5.0,0.0,0.0,4.0,0.0,0.0,1.0,0.0,0.0,0.0,0.0,23.0,139.0,58.0,21.0,0.0,0.0,11.746478873239436
4,19124,0.0,0.0,23.0,31.0,18.0,191.0,106.0,99.0,1.0,0.0,24.0,3.0,3.0,69.0,19.0,5.0,2.0,10.0,0.0,1.0,3.0,1.0,0.0,0.0,0.0,45.0,490.0,164.0,0.0,0.0,0.0,12.479338842975206
4,19125,0.0,0.0,7.0,11.0,3.0,61.0,56.0,23.0,2.0,0.0,5.0,0.0,1.0,23.0,2.0,0.0,1.0,0.0,0.0,0.0,0.0,0.0,0.0,0.0,0.0,7.0,0.0,9.0,193.0,0.0,0.0,11.892307692307693
4,19126,0.0,0.0,5.0,8.0,3.0,17.0,16.0,18.0,0.0,0.0,4.0,0.0,0.0,13.0,6.0,0.0,0.0,1.0,0.0,1.0,0.0,0.0,0.0,0.0,0.0,5.0,70.0,0.0,27.0,0.0,0.0,11.266666666666667
4,19127,0.0,0.0,0.0,0.0,5.0,11.0,5.0,5.0,1.0,0.0,1.0,0.0,0.0,15.0,0.0,0.0,0.0,0.0,0.0,0.0,0.0,0.0,0.0,0.0,0.0,0.0,27.0,16.0,0.0,0.0,0.0,12.294117647058824
4,19128,0.0,2.0,1.0,5.0,6.0,62.0,29.0,31.0,0.0,1.0,16.0,2.0,1.0,15.0,0.0,0.0,0.0,0.0,0.0,0.0,0.0,0.0,0.0,0.0,0.0,6.0,82.0,49.0,46.0,0.0,0.0,12.15
4,19129,0.0,0.0,2.0,7.0,4.0,13.0,13.0,19.0,0.0,1.0,0.0,0.0,3.0,7.0,3.0,0.0,1.0,2.0,0.0,0.0,0.0,0.0,0.0,0.0,0.0,10.0,61.0,10.0,14.0,0.0,0.0,11.805555555555555
4,19130,0.0,2.0,6.0,8.0,7.0,90.0,49.0,24.0,0.0,0.0,11.0,1.0,0.0,22.0,1.0,0.0,0.0,1.0,0.0,0.0,2.0,0.0,0.0,1.0,0.0,7.0,3.0,36.0,164.0,29.0,0.0,11.979166666666666
4,19131,1.0,3.0,8.0,19.0,14.0,100.0,34.0,80.0,1.0,1.0,24.0,0.0,4.0,54.0,11.0,0.0,1.0,2.0,0.0,0.0,3.0,1.0,0.0,2.0,0.0,59.0,18.0,184.0,220.0,0.0,0.0,14.21341463414634
4,19132,2.0,2.0,22.0,34.0,25.0,76.0,47.0,101.0,1.0,4.0,15.0,0.0,3.0,67.0,16.0,0.0,4.0,16.0,0.0,1.0,4.0,0.0,0.0,0.0,0.0,62.0,165.0,123.0,205.0,9.0,0.0,12.082417582417582
4,19133,1.0,2.0,11.0,18.0,18.0,51.0,26.0,47.0,2.0,1.0,7.0,1.0,7.0,25.0,11.0,0.0,1.0,27.0,0.0,0.0,4.0,1.0,0.0,0.0,0.0,37.0,128.0,5.0,107.0,58.0,0.0,13.403846153846152
4,19134,2.0,5.0,24.0,58.0,14.0,102.0,77.0,106.0,7.0,1.0,20.0,1.0,13.0,74.0,18.0,10.0,2.0,76.0,0.0,2.0,6.0,1.0,0.0,8.0,2.0,165.0,194.0,283.0,317.0,0.0,0.0,13.589905362776026
4,19135,0.0,1.0,9.0,11.0,8.0,102.0,65.0,28.0,2.0,0.0,6.0,1.0,2.0,27.0,10.0,5.0,3.0,1.0,0.0,0.0,1.0,0.0,0.0,1.0,0.0,12.0,0.0,197.0,98.0,0.0,0.0,12.350877192982455
4,19136,0.0,0.0,7.0,15.0,4.0,39.0,29.0,43.0,0.0,0.0,11.0,0.0,0.0,22.0,2.0,0.0,0.0,1.0,0.0,0.0,2.0,0.0,0.0,0.0,0.0,12.0,75.0,2.0,110.0,0.0,0.0,13.67605633802817
4,19137,0.0,0.0,1.0,2.0,4.0,42.0,6.0,9.0,1.0,0.0,3.0,1.0,1.0,8.0,1.0,0.0,0.0,0.0,0.0,0.0,0.0,0.0,0.0,0.0,0.0,5.0,58.0,7.0,19.0,0.0,0.0,14.51851851851852
4,19138,1.0,0.0,1.0,11.0,8.0,55.0,62.0,44.0,0.0,2.0,14.0,0.0,4.0,35.0,5.0,0.0,3.0,6.0,0.0,5.0,0.0,0.0,0.0,0.0,0.0,16.0,219.0,8.0,45.0,0.0,0.0,13.235294117647058
4,19139,0.0,3.0,12.0,33.0,18.0,109.0,65.0,86.0,4.0,0.0,12.0,0.0,8.0,71.0,13.0,0.0,3.0,2.0,0.0,0.0,6.0,1.0,0.0,3.0,0.0,54.0,119.0,334.0,50.0,0.0,0.0,13.483412322274882
4,19140,2.0,3.0,22.0,46.0,14.0,75.0,60.0,118.0,1.0,0.0,24.0,0.0,8.0,66.0,31.0,0.0,2.0,14.0,0.0,1.0,4.0,1.0,0.0,0.0,0.0,110.0,123.0,332.0,51.0,96.0,0.0,12.680672268907562
4,19141,1.0,0.0,15.0,12.0,12.0,60.0,48.0,48.0,0.0,0.0,10.0,0.0,0.0,40.0,8.0,0.0,0.0,1.0,0.0,0.0,1.0,0.0,0.0,0.0,0.0,25.0,57.0,120.0,104.0,0.0,0.0,13.028846153846152
4,19142,1.0,0.0,5.0,19.0,9.0,52.0,37.0,68.0,4.0,0.0,9.0,0.0,3.0,32.0,12.0,0.0,0.0,5.0,0.0,0.0,1.0,0.0,0.0,0.0,0.0,39.0,31.0,127.0,138.0,0.0,0.0,13.928
4,19143,0.0,6.0,9.0,35.0,23.0,83.0,88.0,92.0,2.0,0.0,35.0,0.0,5.0,55.0,28.0,0.0,2.0,7.0,0.0,0.0,2.0,1.0,0.0,4.0,0.0,61.0,107.0,107.0,153.0,171.0,0.0,13.235
4,19144,2.0,5.0,7.0,25.0,20.0,109.0,45.0,71.0,0.0,1.0,16.0,0.0,4.0,47.0,12.0,0.0,2.0,4.0,0.0,17.0,4.0,0.0,0.0,0.0,0.0,34.0,137.0,192.0,96.0,0.0,0.0,13.61842105263158
4,19145,1.0,1.0,5.0,13.0,11.0,108.0,32.0,54.0,1.0,0.0,34.0,1.0,2.0,43.0,6.0,0.0,1.0,2.0,0.0,1.0,2.0,0.0,0.0,0.0,0.0,17.0,159.0,133.0,43.0,0.0,0.0,13.655462184873947
4,19146,0.0,1.0,10.0,14.0,7.0,99.0,31.0,45.0,1.0,0.0,18.0,1.0,2.0,28.0,7.0,0.0,2.0,2.0,0.0,2.0,3.0,0.0,0.0,0.0,0.0,12.0,137.0,79.0,69.0,0.0,0.0,13.05607476635514
4,19147,0.0,0.0,4.0,7.0,6.0,86.0,22.0,28.0,1.0,0.0,15.0,1.0,0.0,9.0,2.0,0.0,0.0,0.0,0.0,1.0,0.0,0.0,0.0,0.0,0.0,9.0,104.0,30.0,57.0,0.0,0.0,13.82857142857143
4,19148,0.0,0.0,9.0,13.0,9.0,126.0,29.0,45.0,1.0,0.0,10.0,0.0,1.0,33.0,2.0,0.0,1.0,5.0,0.0,0.0,0.0,0.0,0.0,1.0,0.0,9.0,2.0,157.0,135.0,0.0,0.0,13.555555555555555
4,19149,1.0,2.0,14.0,22.0,6.0,116.0,70.0,62.0,0.0,2.0,20.0,0.0,3.0,34.0,2.0,0.0,4.0,1.0,0.0,0.0,0.0,0.0,0.0,0.0,0.0,21.0,144.0,105.0,131.0,0.0,0.0,12.36
4,19150,0.0,0.0,2.0,4.0,3.0,25.0,18.0,29.0,2.0,3.0,10.0,0.0,2.0,22.0,1.0,0.0,0.0,0.0,0.0,1.0,0.0,0.0,0.0,1.0,0.0,8.0,64.0,0.0,0.0,67.0,0.0,13.71111111111111
4,19151,0.0,0.0,3.0,10.0,5.0,49.0,25.0,56.0,0.0,0.0,11.0,0.0,2.0,22.0,4.0,0.0,3.0,1.0,0.0,0.0,0.0,0.0,0.0,0.0,0.0,13.0,148.0,55.0,1.0,0.0,0.0,13.186046511627907
4,19152,0.0,2.0,8.0,7.0,1.0,68.0,37.0,26.0,0.0,0.0,10.0,2.0,3.0,14.0,0.0,0.0,2.0,0.0,0.0,0.0,4.0,0.0,0.0,0.0,0.0,8.0,90.0,8.0,94.0,0.0,0.0,13.42528735632184
4,19153,0.0,1.0,3.0,8.0,5.0,69.0,34.0,21.0,1.0,0.0,12.0,1.0,4.0,20.0,1.0,1.0,0.0,2.0,0.0,0.0,0.0,0.0,0.0,2.0,0.0,7.0,132.0,0.0,11.0,1.0,48.0,11.847457627118644
4,19154,0.0,1.0,1.0,4.0,0.0,59.0,22.0,22.0,0.0,0.0,14.0,0.0,1.0,18.0,0.0,0.0,1.0,0.0,0.0,0.0,0.0,0.0,0.0,0.0,0.0,5.0,1.0,18.0,129.0,0.0,0.0,11.910714285714286
5,19102,0.0,0.0,4.0,6.0,2.0,47.0,5.0,17.0,0.0,0.0,3.0,0.0,0.0,8.0,0.0,0.0,0.0,1.0,0.0,0.0,0.0,0.0,0.0,2.0,0.0,24.0,66.0,53.0,0.0,0.0,0.0,0.0
5,19103,0.0,1.0,3.0,2.0,6.0,81.0,7.0,20.0,0.0,2.0,7.0,0.0,1.0,5.0,0.0,0.0,2.0,0.0,0.0,0.0,0.0,0.0,0.0,0.0,0.0,12.0,103.0,46.0,0.0,0.0,0.0,0.0
5,19104,1.0,3.0,6.0,32.0,17.0,150.0,47.0,58.0,1.0,0.0,18.0,0.0,1.0,45.0,8.0,0.0,6.0,15.0,0.0,0.0,7.0,0.0,0.0,0.0,0.0,47.0,182.0,122.0,158.0,0.0,0.0,0.0
5,19106,0.0,0.0,5.0,1.0,3.0,55.0,15.0,14.0,1.0,0.0,8.0,0.0,0.0,12.0,3.0,0.0,0.0,1.0,0.0,0.0,0.0,0.0,0.0,1.0,0.0,17.0,15.0,67.0,53.0,1.0,0.0,0.0
5,19107,0.0,0.0,12.0,11.0,8.0,167.0,14.0,61.0,1.0,0.0,15.0,4.0,1.0,28.0,1.0,0.0,3.0,1.0,0.0,0.0,0.0,0.0,0.0,0.0,0.0,22.0,19.0,146.0,184.0,0.0,0.0,0.0
5,19109,0.0,0.0,0.0,0.0,0.0,0.0,0.0,0.0,0.0,0.0,0.0,0.0,0.0,0.0,0.0,0.0,0.0,0.0,0.0,0.0,0.0,0.0,0.0,0.0,0.0,0.0,0.0,0.0,0.0,0.0,0.0,0.0
5,19110,0.0,0.0,0.0,0.0,1.0,0.0,0.0,0.0,0.0,0.0,0.0,0.0,0.0,1.0,0.0,0.0,0.0,0.0,0.0,0.0,0.0,0.0,0.0,0.0,0.0,0.0,2.0,0.0,0.0,0.0,0.0,0.0
5,19111,1.0,0.0,20.0,7.0,5.0,93.0,58.0,53.0,0.0,1.0,29.0,2.0,1.0,47.0,4.0,0.0,2.0,1.0,0.0,0.0,1.0,0.0,0.0,0.0,0.0,13.0,87.0,100.0,151.0,0.0,0.0,0.0
5,19112,0.0,0.0,0.0,0.0,0.0,1.0,0.0,1.0,0.0,0.0,0.0,0.0,0.0,0.0,0.0,0.0,0.0,0.0,0.0,0.0,0.0,0.0,0.0,0.0,0.0,0.0,0.0,2.0,0.0,0.0,0.0,0.0
5,19113,0.0,0.0,0.0,0.0,0.0,0.0,0.0,0.0,0.0,0.0,0.0,0.0,0.0,0.0,0.0,0.0,0.0,0.0,0.0,0.0,0.0,0.0,0.0,0.0,0.0,0.0,0.0,0.0,0.0,0.0,0.0,0.0
5,19114,1.0,0.0,2.0,9.0,5.0,135.0,25.0,31.0,0.0,1.0,9.0,1.0,1.0,23.0,1.0,5.0,2.0,0.0,0.0,0.0,0.0,0.0,0.0,0.0,0.0,4.0,7.0,248.0,0.0,0.0,0.0,0.0
5,19115,0.0,0.0,2.0,5.0,5.0,55.0,13.0,15.0,0.0,0.0,7.0,1.0,2.0,8.0,2.0,0.0,0.0,1.0,0.0,1.0,0.0,0.0,0.0,0.0,0.0,3.0,6.0,112.0,2.0,0.0,0.0,0.0
5,19116,0.0,0.0,2.0,7.0,3.0,42.0,19.0,12.0,0.0,0.0,13.0,0.0,6.0,12.0,0.0,0.0,0.0,0.0,0.0,0.0,1.0,0.0,0.0,0.0,0.0,1.0,0.0,1.0,117.0,0.0,0.0,0.0
5,19118,0.0,0.0,0.0,1.0,3.0,22.0,5.0,0.0,0.0,0.0,4.0,0.0,0.0,5.0,0.0,0.0,0.0,0.0,0.0,0.0,0.0,0.0,0.0,0.0,0.0,1.0,0.0,0.0,0.0,41.0,0.0,0.0
5,19119,0.0,1.0,3.0,4.0,5.0,26.0,22.0,24.0,0.0,3.0,11.0,0.0,0.0,15.0,0.0,0.0,1.0,1.0,0.0,2.0,0.0,0.0,0.0,0.0,0.0,15.0,40.0,21.0,41.0,31.0,0.0,0.0
5,19120,1.0,3.0,24.0,38.0,19.0,88.0,84.0,91.0,2.0,4.0,18.0,0.0,3.0,60.0,12.0,0.0,4.0,2.0,0.0,0.0,1.0,1.0,0.0,1.0,0.0,83.0,168.0,371.0,0.0,0.0,0.0,0.0
5,19121,1.0,1.0,19.0,24.0,18.0,108.0,78.0,123.0,0.0,0.0,17.0,0.0,1.0,71.0,8.0,0.0,2.0,6.0,0.0,0.0,1.0,1.0,0.0,4.0,0.0,34.0,122.0,141.0,106.0,148.0,0.0,0.0
5,19122,0.0,0.0,6.0,10.0,5.0,88.0,51.0,28.0,0.0,0.0,10.0,1.0,3.0,22.0,3.0,0.0,1.0,1.0,0.0,0.0,0.0,0.0,0.0,0.0,0.0,17.0,56.0,149.0,41.0,0.0,0.0,0.0
5,19123,0.0,0.0,8.0,5.0,9.0,114.0,34.0,25.0,0.0,1.0,6.0,0.0,4.0,17.0,6.0,0.0,1.0,1.0,0.0,0.0,3.0,0.0,0.0,0.0,0.0,13.0,131.0,95.0,21.0,0.0,0.0,0.0
5,19124,1.0,2.0,32.0,44.0,18.0,189.0,100.0,120.0,1.0,1.0,26.0,2.0,9.0,76.0,22.0,0.0,3.0,10.0,0.0,1.0,4.0,0.0,2.0,0.0,1.0,80.0,546.0,198.0,0.0,0.0,0.0,0.0
5,19125,1.0,1.0,9.0,11.0,10.0,80.0,63.0,32.0,1.0,0.0,10.0,0.0,1.0,28.0,7.0,5.0,0.0,1.0,0.0,1.0,1.0,0.0,0.0,0.0,0.0,4.0,0.0,11.0,255.0,0.0,0.0,0.0
5,19126,1.0,0.0,2.0,7.0,2.0,13.0,37.0,14.0,0.0,0.0,11.0,0.0,4.0,14.0,3.0,0.0,1.0,0.0,0.0,1.0,0.0,0.0,0.0,0.0,0.0,7.0,65.0,0.0,52.0,0.0,0.0,0.0
5,19127,0.0,0.0,3.0,1.0,6.0,31.0,5.0,5.0,0.0,0.0,2.0,0.0,0.0,6.0,0.0,0.0,0.0,0.0,0.0,0.0,0.0,0.0,0.0,0.0,0.0,0.0,31.0,28.0,0.0,0.0,0.0,0.0
5,19128,0.0,0.0,0.0,5.0,13.0,70.0,20.0,21.0,0.0,0.0,14.0,1.0,1.0,17.0,0.0,0.0,1.0,0.0,0.0,0.0,1.0,0.0,0.0,0.0,0.0,7.0,68.0,42.0,61.0,0.0,0.0,0.0
5,19129,0.0,0.0,2.0,7.0,1.0,29.0,12.0,14.0,0.0,0.0,1.0,0.0,0.0,19.0,0.0,0.0,0.0,0.0,0.0,0.0,0.0,0.0,0.0,0.0,0.0,4.0,56.0,15.0,18.0,0.0,0.0,0.0
5,19130,0.0,0.0,6.0,7.0,11.0,128.0,50.0,37.0,1.0,0.0,9.0,1.0,4.0,16.0,3.0,0.0,0.0,0.0,0.0,0.0,2.0,0.0,0.0,0.0,0.0,11.0,1.0,31.0,230.0,24.0,0.0,0.0
5,19131,0.0,3.0,16.0,33.0,9.0,109.0,65.0,111.0,2.0,0.0,18.0,1.0,7.0,49.0,11.0,10.0,4.0,4.0,0.0,1.0,2.0,0.0,0.0,0.0,0.0,41.0,38.0,227.0,231.0,0.0,0.0,0.0
5,19132,1.0,2.0,17.0,67.0,33.0,126.0,46.0,113.0,6.0,1.0,26.0,0.0,3.0,67.0,19.0,0.0,2.0,4.0,0.0,0.0,2.0,0.0,0.0,1.0,0.0,61.0,205.0,150.0,228.0,14.0,0.0,0.0
5,19133,1.0,2.0,17.0,29.0,16.0,54.0,33.0,55.0,4.0,1.0,12.0,0.0,5.0,19.0,12.0,0.0,2.0,23.0,0.0,2.0,13.0,1.0,0.0,0.0,0.0,28.0,147.0,7.0,93.0,82.0,0.0,0.0
5,19134,2.0,5.0,27.0,46.0,12.0,155.0,78.0,116.0,8.0,0.0,29.0,2.0,9.0,62.0,39.0,5.0,2.0,92.0,0.0,1.0,31.0,1.0,0.0,2.0,0.0,97.0,208.0,305.0,308.0,0.0,0.0,0.0
5,19135,2.0,0.0,12.0,11.0,5.0,115.0,71.0,30.0,3.0,0.0,10.0,0.0,3.0,39.0,0.0,3.0,0.0,0.0,0.0,0.0,1.0,0.0,0.0,0.0,0.0,22.0,0.0,202.0,125.0,0.0,0.0,0.0
5,19136,0.0,1.0,7.0,10.0,8.0,59.0,49.0,42.0,0.0,1.0,5.0,0.0,1.0,29.0,5.0,0.0,0.0,3.0,0.0,0.0,2.0,0.0,0.0,1.0,0.0,14.0,111.0,2.0,124.0,0.0,0.0,0.0
5,19137,0.0,0.0,2.0,3.0,3.0,32.0,7.0,15.0,0.0,0.0,6.0,1.0,2.0,14.0,0.0,0.0,0.0,0.0,0.0,0.0,2.0,0.0,0.0,0.0,0.0,12.0,81.0,5.0,13.0,0.0,0.0,0.0
5,19138,1.0,0.0,7.0,25.0,6.0,54.0,58.0,66.0,1.0,0.0,17.0,0.0,2.0,34.0,9.0,0.0,3.0,5.0,0.0,2.0,1.0,0.0,0.0,0.0,0.0,29.0,261.0,5.0,54.0,0.0,0.0,0.0
5,19139,4.0,3.0,22.0,31.0,18.0,107.0,65.0,116.0,4.0,1.0,30.0,0.0,6.0,46.0,9.0,0.0,2.0,15.0,0.0,0.0,6.0,1.0,0.0,1.0,0.0,52.0,105.0,389.0,45.0,0.0,0.0,0.0
5,19140,1.0,4.0,23.0,63.0,25.0,122.0,76.0,127.0,4.0,2.0,21.0,0.0,9.0,66.0,38.0,2.0,4.0,17.0,0.0,0.0,3.0,1.0,0.0,0.0,0.0,98.0,155.0,381.0,61.0,109.0,0.0,0.0
5,19141,0.0,1.0,16.0,15.0,12.0,67.0,72.0,60.0,1.0,1.0,10.0,1.0,4.0,32.0,6.0,0.0,0.0,4.0,0.0,0.0,0.0,0.0,1.0,0.0,0.0,15.0,65.0,129.0,124.0,0.0,0.0,0.0
5,19142,1.0,2.0,16.0,23.0,14.0,57.0,44.0,59.0,2.0,0.0,7.0,0.0,5.0,29.0,6.0,0.0,0.0,6.0,0.0,0.0,1.0,0.0,0.0,2.0,0.0,63.0,59.0,143.0,134.0,1.0,0.0,0.0
5,19143,2.0,2.0,19.0,43.0,16.0,92.0,73.0,120.0,3.0,1.0,19.0,0.0,8.0,58.0,23.0,0.0,6.0,8.0,0.0,0.0,1.0,0.0,0.0,0.0,0.0,44.0,98.0,109.0,149.0,182.0,0.0,0.0
5,19144,1.0,2.0,5.0,23.0,15.0,102.0,58.0,84.0,1.0,1.0,24.0,1.0,2.0,55.0,7.0,0.0,5.0,12.0,0.0,14.0,5.0,0.0,0.0,0.0,0.0,35.0,146.0,202.0,103.0,1.0,0.0,0.0
5,19145,1.0,2.0,9.0,15.0,13.0,132.0,36.0,40.0,0.0,0.0,30.0,1.0,2.0,33.0,3.0,0.0,2.0,2.0,0.0,1.0,3.0,0.0,0.0,0.0,0.0,19.0,166.0,130.0,48.0,0.0,0.0,0.0
5,19146,0.0,0.0,9.0,15.0,8.0,92.0,49.0,42.0,0.0,0.0,18.0,3.0,3.0,35.0,3.0,0.0,3.0,1.0,0.0,2.0,1.0,0.0,0.0,1.0,0.0,16.0,142.0,80.0,79.0,0.0,0.0,0.0
5,19147,0.0,1.0,7.0,9.0,8.0,83.0,49.0,31.0,2.0,1.0,9.0,0.0,1.0,14.0,2.0,0.0,0.0,1.0,0.0,0.0,2.0,0.0,0.0,0.0,0.0,5.0,130.0,23.0,72.0,0.0,0.0,0.0
5,19148,0.0,0.0,7.0,15.0,15.0,140.0,32.0,55.0,2.0,1.0,12.0,1.0,4.0,24.0,5.0,0.0,2.0,1.0,0.0,0.0,1.0,0.0,1.0,0.0,0.0,15.0,0.0,181.0,152.0,0.0,0.0,0.0
5,19149,2.0,0.0,32.0,14.0,4.0,154.0,70.0,51.0,3.0,1.0,13.0,0.0,6.0,42.0,3.0,0.0,3.0,1.0,0.0,0.0,2.0,0.0,0.0,0.0,0.0,32.0,170.0,101.0,162.0,0.0,0.0,0.0
5,19150,0.0,0.0,6.0,6.0,1.0,21.0,20.0,31.0,0.0,0.0,12.0,0.0,1.0,29.0,4.0,0.0,1.0,2.0,0.0,4.0,2.0,0.0,0.0,0.0,0.0,22.0,70.0,0.0,0.0,92.0,0.0,0.0
5,19151,0.0,0.0,2.0,16.0,7.0,53.0,44.0,48.0,1.0,0.0,9.0,0.0,6.0,28.0,4.0,0.0,2.0,7.0,1.0,0.0,0.0,0.0,0.0,1.0,0.0,23.0,183.0,67.0,2.0,0.0,0.0,0.0
5,19152,0.0,0.0,9.0,10.0,4.0,87.0,39.0,30.0,1.0,0.0,12.0,1.0,0.0,25.0,1.0,0.0,0.0,1.0,0.0,1.0,2.0,0.0,0.0,0.0,0.0,11.0,131.0,0.0,103.0,0.0,0.0,0.0
5,19153,0.0,0.0,9.0,8.0,2.0,91.0,42.0,29.0,0.0,0.0,9.0,1.0,11.0,9.0,2.0,0.0,0.0,3.0,0.0,0.0,0.0,0.0,0.0,1.0,0.0,6.0,149.0,0.0,14.0,0.0,60.0,0.0
5,19154,0.0,0.0,1.0,8.0,1.0,70.0,37.0,26.0,0.0,1.0,11.0,1.0,0.0,19.0,0.0,0.0,2.0,0.0,0.0,0.0,0.0,0.0,0.0,0.0,0.0,11.0,0.0,25.0,163.0,0.0,0.0,0.0
6,19102,0.0,1.0,5.0,5.0,4.0,35.0,1.0,26.0,0.0,0.0,3.0,0.0,0.0,6.0,1.0,0.0,0.0,0.0,0.0,0.0,0.0,0.0,0.0,0.0,0.0,14.0,43.0,58.0,0.0,0.0,0.0,0.0
6,19103,0.0,1.0,7.0,5.0,11.0,122.0,13.0,12.0,2.0,2.0,1.0,1.0,1.0,11.0,1.0,0.0,0.0,1.0,0.0,0.0,1.0,0.0,0.0,0.0,0.0,5.0,102.0,95.0,0.0,0.0,0.0,0.0
6,19104,0.0,3.0,5.0,25.0,16.0,156.0,49.0,41.0,1.0,0.0,26.0,1.0,3.0,48.0,9.0,0.0,3.0,7.0,0.0,1.0,1.0,0.0,0.0,2.0,0.0,29.0,164.0,130.0,132.0,0.0,0.0,0.0
6,19106,0.0,0.0,5.0,4.0,8.0,42.0,13.0,18.0,0.0,1.0,4.0,0.0,2.0,8.0,0.0,0.0,0.0,0.0,0.0,0.0,0.0,0.0,0.0,3.0,0.0,14.0,12.0,53.0,56.0,1.0,0.0,0.0
6,19107,0.0,1.0,13.0,13.0,10.0,137.0,11.0,53.0,0.0,0.0,9.0,0.0,0.0,26.0,4.0,2.0,3.0,0.0,0.0,0.0,1.0,0.0,0.0,3.0,0.0,10.0,17.0,102.0,177.0,0.0,0.0,0.0
6,19109,0.0,0.0,0.0,1.0,1.0,2.0,0.0,3.0,0.0,0.0,0.0,0.0,0.0,0.0,0.0,0.0,0.0,0.0,0.0,0.0,0.0,0.0,0.0,0.0,0.0,0.0,0.0,0.0,7.0,0.0,0.0,0.0
6,19110,0.0,0.0,0.0,1.0,0.0,0.0,0.0,0.0,0.0,0.0,0.0,0.0,0.0,0.0,0.0,0.0,0.0,0.0,0.0,0.0,0.0,0.0,0.0,0.0,0.0,0.0,1.0,0.0,0.0,0.0,0.0,0.0
6,19111,0.0,0.0,7.0,10.0,11.0,94.0,51.0,50.0,0.0,0.0,24.0,0.0,2.0,35.0,2.0,0.0,0.0,0.0,0.0,0.0,0.0,0.0,0.0,0.0,0.0,21.0,69.0,96.0,142.0,0.0,0.0,0.0
6,19112,0.0,0.0,0.0,0.0,0.0,0.0,0.0,0.0,0.0,0.0,0.0,0.0,0.0,0.0,0.0,0.0,0.0,0.0,0.0,0.0,0.0,0.0,0.0,0.0,0.0,2.0,0.0,2.0,0.0,0.0,0.0,0.0
6,19113,0.0,0.0,0.0,0.0,0.0,0.0,0.0,0.0,0.0,0.0,0.0,0.0,0.0,0.0,0.0,0.0,0.0,0.0,0.0,0.0,0.0,0.0,0.0,0.0,0.0,0.0,0.0,0.0,0.0,0.0,0.0,0.0
6,19114,0.0,0.0,3.0,3.0,2.0,126.0,13.0,18.0,0.0,0.0,21.0,0.0,0.0,20.0,0.0,0.0,1.0,0.0,0.0,0.0,1.0,0.0,0.0,1.0,0.0,15.0,10.0,212.0,2.0,0.0,0.0,0.0
6,19115,0.0,0.0,0.0,5.0,2.0,59.0,16.0,10.0,1.0,0.0,9.0,2.0,0.0,14.0,3.0,0.0,1.0,0.0,0.0,0.0,1.0,1.0,0.0,0.0,0.0,3.0,6.0,120.0,1.0,0.0,0.0,0.0
6,19116,0.0,0.0,1.0,6.0,3.0,28.0,8.0,15.0,0.0,0.0,11.0,0.0,0.0,11.0,0.0,0.0,3.0,0.0,0.0,0.0,0.0,0.0,0.0,0.0,0.0,6.0,0.0,0.0,92.0,0.0,0.0,0.0
6,19118,0.0,0.0,1.0,0.0,3.0,29.0,1.0,10.0,0.0,6.0,3.0,0.0,0.0,3.0,0.0,0.0,0.0,0.0,0.0,3.0,0.0,0.0,0.0,0.0,0.0,1.0,0.0,0.0,1.0,59.0,0.0,0.0
6,19119,0.0,0.0,1.0,2.0,11.0,28.0,26.0,19.0,0.0,2.0,13.0,0.0,1.0,19.0,1.0,0.0,1.0,0.0,0.0,4.0,0.0,0.0,0.0,0.0,0.0,8.0,32.0,37.0,52.0,15.0,0.0,0.0
6,19120,0.0,1.0,28.0,27.0,16.0,93.0,81.0,74.0,7.0,0.0,15.0,0.0,8.0,58.0,12.0,0.0,4.0,0.0,0.0,0.0,1.0,0.0,0.0,0.0,0.0,86.0,160.0,351.0,0.0,0.0,0.0,0.0
6,19121,0.0,2.0,13.0,33.0,32.0,114.0,76.0,90.0,2.0,0.0,25.0,0.0,3.0,59.0,13.0,0.0,5.0,9.0,0.0,1.0,0.0,0.0,0.0,2.0,0.0,45.0,105.0,162.0,123.0,134.0,0.0,0.0
6,19122,1.0,2.0,4.0,4.0,8.0,93.0,67.0,24.0,0.0,0.0,7.0,0.0,5.0,28.0,3.0,0.0,4.0,0.0,0.0,0.0,1.0,0.0,0.0,1.0,0.0,17.0,65.0,165.0,39.0,0.0,0.0,0.0
6,19123,0.0,0.0,8.0,10.0,10.0,80.0,58.0,17.0,1.0,0.0,5.0,0.0,1.0,24.0,4.0,0.0,0.0,2.0,0.0,0.0,1.0,0.0,0.0,0.0,0.0,22.0,136.0,86.0,21.0,0.0,0.0,0.0
6,19124,0.0,2.0,36.0,41.0,22.0,191.0,128.0,96.0,2.0,0.0,29.0,3.0,7.0,68.0,14.0,8.0,2.0,6.0,0.0,0.0,2.0,0.0,0.0,0.0,0.0,36.0,522.0,169.0,2.0,0.0,0.0,0.0
6,19125,0.0,1.0,6.0,6.0,10.0,80.0,57.0,14.0,2.0,1.0,3.0,0.0,1.0,29.0,2.0,3.0,0.0,0.0,0.0,0.0,0.0,0.0,0.0,0.0,0.0,11.0,1.0,6.0,219.0,0.0,0.0,0.0
6,19126,0.0,0.0,5.0,3.0,2.0,20.0,27.0,17.0,1.0,0.0,3.0,0.0,1.0,11.0,5.0,0.0,2.0,2.0,0.0,0.0,1.0,0.0,0.0,0.0,0.0,13.0,69.0,1.0,43.0,0.0,0.0,0.0
6,19127,0.0,0.0,0.0,0.0,5.0,16.0,6.0,5.0,0.0,0.0,0.0,0.0,0.0,10.0,0.0,0.0,0.0,0.0,0.0,0.0,0.0,0.0,0.0,0.0,0.0,1.0,26.0,17.0,0.0,0.0,0.0,0.0
6,19128,0.0,1.0,1.0,6.0,11.0,49.0,24.0,14.0,0.0,1.0,20.0,1.0,0.0,17.0,0.0,0.0,1.0,0.0,0.0,0.0,0.0,0.0,0.0,0.0,0.0,4.0,56.0,45.0,49.0,0.0,0.0,0.0
6,19129,0.0,0.0,1.0,4.0,2.0,17.0,26.0,11.0,1.0,0.0,1.0,0.0,1.0,13.0,2.0,0.0,0.0,0.0,0.0,0.0,2.0,0.0,0.0,0.0,0.0,7.0,68.0,9.0,11.0,0.0,0.0,0.0
6,19130,0.0,0.0,4.0,6.0,15.0,109.0,52.0,22.0,0.0,0.0,10.0,0.0,2.0,29.0,3.0,0.0,2.0,6.0,0.0,0.0,3.0,0.0,0.0,0.0,0.0,6.0,2.0,27.0,195.0,45.0,0.0,0.0
6,19131,2.0,3.0,10.0,17.0,13.0,94.0,53.0,97.0,3.0,0.0,13.0,0.0,6.0,55.0,4.0,5.0,2.0,1.0,0.0,0.0,1.0,0.0,0.0,1.0,0.0,42.0,34.0,181.0,207.0,0.0,0.0,0.0
6,19132,1.0,1.0,30.0,40.0,19.0,155.0,54.0,118.0,0.0,0.0,20.0,0.0,4.0,47.0,24.0,0.0,2.0,8.0,0.0,0.0,1.0,1.0,0.0,1.0,0.0,92.0,204.0,144.0,255.0,15.0,0.0,0.0
6,19133,0.0,0.0,9.0,29.0,17.0,80.0,63.0,35.0,3.0,0.0,5.0,1.0,6.0,35.0,15.0,0.0,1.0,19.0,0.0,0.0,18.0,0.0,0.0,0.0,0.0,25.0,182.0,6.0,110.0,63.0,0.0,0.0
6,19134,3.0,2.0,29.0,40.0,18.0,139.0,83.0,103.0,8.0,0.0,24.0,2.0,9.0,49.0,29.0,30.0,2.0,90.0,0.0,2.0,34.0,1.0,0.0,2.0,0.0,105.0,191.0,331.0,282.0,0.0,0.0,0.0
6,19135,1.0,3.0,10.0,10.0,8.0,130.0,75.0,45.0,2.0,0.0,10.0,0.0,1.0,30.0,10.0,0.0,0.0,2.0,0.0,2.0,0.0,0.0,1.0,0.0,0.0,14.0,0.0,196.0,158.0,0.0,0.0,0.0
6,19136,1.0,0.0,6.0,7.0,4.0,58.0,29.0,39.0,1.0,0.0,10.0,0.0,3.0,16.0,0.0,0.0,1.0,1.0,0.0,0.0,3.0,0.0,0.0,0.0,0.0,17.0,96.0,1.0,99.0,0.0,0.0,0.0
6,19137,0.0,0.0,3.0,1.0,2.0,26.0,8.0,7.0,2.0,0.0,3.0,0.0,3.0,4.0,0.0,0.0,1.0,0.0,0.0,0.0,0.0,0.0,0.0,0.0,0.0,16.0,58.0,4.0,14.0,0.0,0.0,0.0
6,19138,0.0,1.0,10.0,9.0,7.0,42.0,66.0,51.0,1.0,2.0,28.0,0.0,1.0,32.0,6.0,0.0,0.0,9.0,0.0,2.0,2.0,0.0,0.0,1.0,0.0,23.0,217.0,17.0,59.0,0.0,0.0,0.0
6,19139,1.0,1.0,18.0,46.0,25.0,106.0,76.0,111.0,2.0,0.0,14.0,1.0,7.0,71.0,21.0,0.0,6.0,6.0,0.0,1.0,1.0,0.0,0.0,2.0,0.0,61.0,126.0,406.0,45.0,0.0,0.0,0.0
6,19140,1.0,2.0,21.0,50.0,21.0,130.0,81.0,109.0,1.0,2.0,20.0,0.0,6.0,75.0,25.0,0.0,3.0,13.0,0.0,0.0,4.0,0.0,0.0,3.0,0.0,153.0,178.0,335.0,93.0,114.0,0.0,0.0
6,19141,0.0,1.0,9.0,22.0,7.0,65.0,62.0,57.0,0.0,0.0,7.0,0.0,2.0,38.0,6.0,0.0,0.0,1.0,0.0,0.0,2.0,0.0,0.0,1.0,0.0,41.0,72.0,140.0,109.0,0.0,0.0,0.0
6,19142,3.0,1.0,10.0,19.0,10.0,63.0,83.0,69.0,4.0,0.0,8.0,0.0,4.0,52.0,6.0,0.0,2.0,4.0,0.0,1.0,0.0,0.0,0.0,0.0,0.0,47.0,34.0,187.0,165.0,0.0,0.0,0.0
6,19143,2.0,3.0,9.0,40.0,16.0,107.0,121.0,83.0,1.0,0.0,29.0,0.0,10.0,91.0,19.0,0.0,2.0,5.0,0.0,1.0,1.0,0.0,0.0,1.0,0.0,52.0,112.0,107.0,154.0,220.0,0.0,0.0
6,19144,2.0,3.0,11.0,19.0,17.0,124.0,100.0,72.0,1.0,1.0,15.0,1.0,2.0,57.0,7.0,0.0,4.0,8.0,0.0,12.0,2.0,0.0,0.0,1.0,0.0,47.0,190.0,204.0,112.0,0.0,0.0,0.0
6,19145,0.0,0.0,9.0,16.0,13.0,124.0,57.0,54.0,2.0,0.0,38.0,2.0,2.0,41.0,5.0,0.0,1.0,3.0,0.0,0.0,0.0,0.0,0.0,0.0,0.0,14.0,209.0,119.0,53.0,0.0,0.0,0.0
6,19146,1.0,0.0,11.0,10.0,14.0,94.0,54.0,38.0,0.0,0.0,14.0,0.0,0.0,39.0,4.0,0.0,2.0,2.0,0.0,4.0,0.0,0.0,0.0,0.0,0.0,10.0,152.0,75.0,70.0,0.0,0.0,0.0
6,19147,1.0,0.0,10.0,8.0,11.0,103.0,34.0,36.0,0.0,0.0,21.0,0.0,0.0,20.0,1.0,0.0,2.0,0.0,0.0,0.0,0.0,0.0,0.0,0.0,0.0,9.0,140.0,33.0,83.0,0.0,0.0,0.0
6,19148,0.0,0.0,15.0,10.0,16.0,153.0,40.0,44.0,1.0,1.0,13.0,2.0,3.0,27.0,4.0,0.0,1.0,0.0,0.0,0.0,1.0,0.0,0.0,0.0,0.0,12.0,1.0,188.0,154.0,0.0,0.0,0.0
6,19149,0.0,0.0,22.0,21.0,1.0,132.0,68.0,44.0,0.0,2.0,23.0,0.0,2.0,41.0,4.0,0.0,0.0,1.0,0.0,1.0,2.0,0.0,0.0,1.0,0.0,29.0,157.0,97.0,140.0,0.0,0.0,0.0
6,19150,0.0,1.0,0.0,4.0,3.0,27.0,19.0,17.0,1.0,1.0,9.0,0.0,1.0,19.0,1.0,0.0,0.0,0.0,0.0,6.0,0.0,0.0,0.0,0.0,0.0,14.0,57.0,0.0,0.0,66.0,0.0,0.0
6,19151,1.0,0.0,5.0,11.0,6.0,65.0,32.0,56.0,0.0,0.0,16.0,2.0,2.0,33.0,3.0,0.0,1.0,1.0,0.0,0.0,1.0,0.0,0.0,0.0,0.0,18.0,195.0,55.0,3.0,0.0,0.0,0.0
6,19152,0.0,0.0,2.0,7.0,4.0,86.0,37.0,20.0,0.0,1.0,13.0,0.0,0.0,19.0,3.0,0.0,0.0,0.0,0.0,0.0,1.0,0.0,0.0,0.0,0.0,8.0,107.0,1.0,93.0,0.0,0.0,0.0
6,19153,1.0,1.0,2.0,4.0,4.0,81.0,33.0,21.0,0.0,0.0,16.0,1.0,6.0,18.0,1.0,0.0,0.0,1.0,0.0,0.0,0.0,0.0,0.0,2.0,0.0,4.0,140.0,0.0,9.0,0.0,47.0,0.0
6,19154,0.0,0.0,4.0,3.0,7.0,60.0,21.0,20.0,0.0,0.0,20.0,1.0,0.0,8.0,0.0,0.0,0.0,0.0,0.0,0.0,0.0,0.0,0.0,0.0,0.0,8.0,0.0,10.0,142.0,0.0,0.0,0.0
7,19102,0.0,0.0,7.0,7.0,6.0,29.0,3.0,20.0,0.0,0.0,2.0,1.0,0.0,7.0,0.0,0.0,3.0,0.0,0.0,0.0,0.0,0.0,0.0,2.0,0.0,8.0,46.0,49.0,0.0,0.0,0.0,0.0
7,19103,0.0,0.0,2.0,3.0,14.0,117.0,5.0,23.0,0.0,1.0,9.0,0.0,0.0,13.0,1.0,0.0,1.0,0.0,0.0,0.0,0.0,0.0,0.0,0.0,0.0,11.0,98.0,102.0,0.0,0.0,0.0,0.0
7,19104,1.0,0.0,15.0,20.0,13.0,153.0,66.0,62.0,2.0,0.0,26.0,0.0,8.0,45.0,9.0,0.0,3.0,3.0,0.0,0.0,0.0,0.0,0.0,4.0,0.0,24.0,206.0,110.0,138.0,0.0,0.0,0.0
7,19106,0.0,0.0,0.0,5.0,6.0,53.0,19.0,12.0,0.0,0.0,3.0,1.0,1.0,10.0,1.0,0.0,0.0,0.0,0.0,0.0,2.0,0.0,0.0,1.0,0.0,9.0,16.0,79.0,28.0,0.0,0.0,0.0
7,19107,0.0,3.0,10.0,15.0,7.0,148.0,12.0,39.0,1.0,0.0,14.0,3.0,0.0,23.0,2.0,1.0,2.0,1.0,0.0,0.0,1.0,0.0,0.0,7.0,0.0,13.0,25.0,128.0,149.0,0.0,0.0,0.0
7,19109,0.0,0.0,1.0,0.0,0.0,0.0,0.0,0.0,0.0,0.0,0.0,0.0,0.0,0.0,0.0,0.0,0.0,0.0,0.0,0.0,0.0,0.0,0.0,0.0,0.0,0.0,0.0,0.0,1.0,0.0,0.0,0.0
7,19110,0.0,0.0,0.0,0.0,0.0,0.0,0.0,0.0,0.0,0.0,0.0,0.0,0.0,0.0,0.0,0.0,0.0,0.0,0.0,0.0,0.0,0.0,0.0,0.0,0.0,0.0,0.0,0.0,0.0,0.0,0.0,0.0
7,19111,0.0,0.0,8.0,12.0,10.0,118.0,70.0,41.0,1.0,0.0,24.0,0.0,3.0,49.0,2.0,0.0,2.0,0.0,0.0,0.0,1.0,0.0,0.0,0.0,0.0,15.0,103.0,107.0,146.0,0.0,0.0,0.0
7,19112,0.0,0.0,1.0,0.0,2.0,1.0,1.0,1.0,0.0,0.0,0.0,0.0,0.0,0.0,0.0,0.0,0.0,0.0,0.0,0.0,0.0,0.0,0.0,0.0,0.0,1.0,0.0,7.0,0.0,0.0,0.0,0.0
7,19113,0.0,0.0,0.0,0.0,0.0,0.0,0.0,0.0,0.0,0.0,0.0,0.0,0.0,0.0,0.0,0.0,0.0,0.0,0.0,0.0,0.0,0.0,0.0,0.0,0.0,0.0,0.0,0.0,0.0,0.0,0.0,0.0
7,19114,0.0,0.0,4.0,7.0,5.0,144.0,20.0,33.0,1.0,0.0,17.0,0.0,1.0,18.0,2.0,1.0,2.0,0.0,0.0,0.0,0.0,0.0,0.0,0.0,0.0,5.0,4.0,254.0,2.0,0.0,0.0,0.0
7,19115,0.0,0.0,1.0,3.0,6.0,60.0,7.0,9.0,1.0,0.0,17.0,0.0,0.0,12.0,1.0,0.0,1.0,0.0,0.0,0.0,0.0,0.0,0.0,0.0,0.0,4.0,10.0,108.0,4.0,0.0,0.0,0.0
7,19116,0.0,0.0,1.0,4.0,2.0,50.0,9.0,14.0,1.0,0.0,10.0,0.0,0.0,10.0,0.0,0.0,0.0,0.0,0.0,0.0,1.0,0.0,0.0,0.0,0.0,6.0,0.0,0.0,108.0,0.0,0.0,0.0
7,19118,0.0,1.0,2.0,0.0,6.0,32.0,3.0,5.0,0.0,4.0,6.0,0.0,1.0,13.0,0.0,0.0,1.0,0.0,0.0,3.0,0.0,0.0,0.0,0.0,0.0,5.0,0.0,0.0,3.0,79.0,0.0,0.0
7,19119,0.0,0.0,2.0,1.0,9.0,25.0,39.0,24.0,0.0,1.0,13.0,1.0,0.0,21.0,5.0,0.0,0.0,0.0,0.0,1.0,0.0,0.0,0.0,0.0,0.0,8.0,27.0,33.0,51.0,39.0,0.0,0.0
7,19120,2.0,1.0,21.0,35.0,14.0,89.0,120.0,100.0,2.0,0.0,11.0,0.0,10.0,54.0,9.0,0.0,1.0,5.0,0.0,0.0,0.0,0.0,0.0,0.0,0.0,40.0,155.0,358.0,1.0,0.0,0.0,0.0
7,19121,2.0,3.0,27.0,26.0,28.0,102.0,125.0,110.0,3.0,2.0,17.0,0.0,5.0,72.0,9.0,0.0,6.0,7.0,0.0,0.0,5.0,0.0,0.0,3.0,0.0,44.0,124.0,160.0,132.0,180.0,0.0,0.0
7,19122,0.0,0.0,9.0,14.0,12.0,99.0,68.0,25.0,0.0,0.0,6.0,0.0,3.0,33.0,6.0,0.0,1.0,1.0,0.0,0.0,1.0,0.0,0.0,1.0,0.0,10.0,79.0,163.0,47.0,0.0,0.0,0.0
7,19123,2.0,1.0,12.0,11.0,15.0,111.0,58.0,17.0,0.0,2.0,5.0,0.0,2.0,26.0,3.0,0.0,1.0,3.0,0.0,0.0,1.0,0.0,0.0,0.0,0.0,14.0,159.0,94.0,31.0,0.0,0.0,0.0
7,19124,2.0,3.0,31.0,36.0,24.0,215.0,155.0,79.0,4.0,0.0,10.0,2.0,5.0,76.0,18.0,6.0,17.0,17.0,0.0,1.0,3.0,0.0,0.0,1.0,0.0,59.0,545.0,219.0,0.0,0.0,0.0,0.0
7,19125,0.0,0.0,8.0,15.0,14.0,84.0,64.0,23.0,1.0,2.0,9.0,1.0,2.0,36.0,1.0,3.0,0.0,2.0,0.0,0.0,1.0,0.0,1.0,1.0,0.0,13.0,2.0,8.0,271.0,0.0,0.0,0.0
7,19126,0.0,0.0,5.0,0.0,0.0,17.0,26.0,16.0,0.0,1.0,8.0,0.0,1.0,15.0,1.0,0.0,1.0,0.0,0.0,0.0,1.0,0.0,0.0,0.0,0.0,9.0,69.0,0.0,32.0,0.0,0.0,0.0
7,19127,0.0,0.0,0.0,0.0,8.0,21.0,19.0,1.0,0.0,0.0,0.0,0.0,1.0,7.0,0.0,0.0,0.0,0.0,0.0,0.0,0.0,0.0,0.0,0.0,0.0,6.0,23.0,40.0,0.0,0.0,0.0,0.0
7,19128,0.0,1.0,1.0,3.0,6.0,77.0,40.0,13.0,0.0,1.0,19.0,3.0,2.0,19.0,1.0,1.0,0.0,1.0,0.0,0.0,0.0,0.0,0.0,0.0,0.0,11.0,73.0,56.0,70.0,0.0,0.0,0.0
7,19129,0.0,0.0,2.0,4.0,3.0,29.0,10.0,23.0,0.0,1.0,5.0,0.0,0.0,12.0,2.0,0.0,0.0,0.0,0.0,0.0,0.0,0.0,0.0,0.0,0.0,6.0,57.0,19.0,21.0,0.0,0.0,0.0
7,19130,0.0,0.0,18.0,7.0,16.0,126.0,82.0,27.0,0.0,0.0,10.0,1.0,0.0,30.0,3.0,0.0,1.0,2.0,0.0,0.0,1.0,0.0,1.0,2.0,0.0,12.0,0.0,50.0,255.0,34.0,0.0,0.0
7,19131,2.0,3.0,13.0,19.0,11.0,115.0,86.0,115.0,0.0,0.0,20.0,0.0,2.0,68.0,10.0,14.0,3.0,3.0,0.0,1.0,1.0,0.0,0.0,1.0,0.0,42.0,46.0,216.0,267.0,0.0,0.0,0.0
7,19132,3.0,1.0,26.0,57.0,37.0,154.0,69.0,132.0,7.0,0.0,25.0,1.0,9.0,63.0,22.0,0.0,3.0,16.0,0.0,0.0,1.0,0.0,0.0,1.0,0.0,106.0,237.0,178.0,299.0,19.0,0.0,0.0
7,19133,1.0,3.0,14.0,38.0,14.0,125.0,53.0,59.0,5.0,0.0,18.0,0.0,0.0,23.0,8.0,0.0,1.0,8.0,0.0,0.0,4.0,0.0,0.0,0.0,0.0,21.0,222.0,5.0,91.0,77.0,0.0,0.0
7,19134,1.0,1.0,42.0,62.0,30.0,180.0,87.0,77.0,6.0,0.0,16.0,0.0,14.0,73.0,17.0,22.0,2.0,68.0,0.0,0.0,23.0,0.0,0.0,1.0,0.0,91.0,199.0,330.0,284.0,0.0,0.0,0.0
7,19135,0.0,1.0,7.0,11.0,10.0,124.0,62.0,43.0,3.0,1.0,6.0,0.0,2.0,38.0,5.0,0.0,3.0,1.0,0.0,0.0,0.0,0.0,0.0,0.0,0.0,9.0,1.0,174.0,151.0,0.0,0.0,0.0
7,19136,0.0,1.0,7.0,18.0,5.0,80.0,51.0,43.0,2.0,0.0,12.0,0.0,0.0,33.0,3.0,0.0,1.0,1.0,0.0,0.0,1.0,0.0,0.0,0.0,0.0,12.0,154.0,1.0,115.0,0.0,0.0,0.0
7,19137,0.0,0.0,0.0,3.0,3.0,25.0,19.0,6.0,2.0,0.0,3.0,0.0,4.0,5.0,0.0,0.0,1.0,0.0,0.0,0.0,1.0,0.0,0.0,0.0,0.0,15.0,65.0,7.0,15.0,0.0,0.0,0.0
7,19138,0.0,0.0,5.0,16.0,5.0,60.0,47.0,52.0,0.0,1.0,23.0,0.0,2.0,49.0,7.0,0.0,0.0,8.0,0.0,2.0,1.0,0.0,0.0,0.0,0.0,24.0,219.0,15.0,68.0,0.0,0.0,0.0
7,19139,3.0,3.0,20.0,63.0,24.0,130.0,100.0,113.0,2.0,0.0,30.0,1.0,8.0,71.0,21.0,0.0,2.0,3.0,0.0,0.0,0.0,0.0,0.0,4.0,0.0,55.0,127.0,487.0,39.0,0.0,0.0,0.0
7,19140,0.0,6.0,33.0,69.0,22.0,123.0,91.0,115.0,8.0,1.0,21.0,0.0,7.0,70.0,27.0,6.0,3.0,16.0,0.0,1.0,3.0,0.0,0.0,2.0,0.0,116.0,194.0,382.0,44.0,120.0,0.0,0.0
7,19141,0.0,0.0,13.0,18.0,10.0,66.0,58.0,51.0,1.0,0.0,13.0,0.0,4.0,41.0,8.0,0.0,2.0,6.0,0.0,0.0,2.0,0.0,0.0,0.0,0.0,42.0,68.0,134.0,133.0,0.0,0.0,0.0
7,19142,0.0,1.0,10.0,19.0,8.0,70.0,88.0,64.0,0.0,0.0,6.0,0.0,7.0,54.0,8.0,0.0,2.0,5.0,0.0,0.0,2.0,1.0,1.0,1.0,0.0,53.0,57.0,167.0,176.0,0.0,0.0,0.0
7,19143,1.0,2.0,7.0,44.0,25.0,84.0,158.0,98.0,3.0,0.0,31.0,0.0,8.0,85.0,15.0,0.0,5.0,2.0,0.0,0.0,0.0,0.0,0.0,0.0,0.0,61.0,119.0,125.0,151.0,234.0,0.0,0.0
7,19144,0.0,0.0,16.0,15.0,14.0,154.0,87.0,78.0,3.0,0.0,38.0,0.0,3.0,58.0,13.0,0.0,4.0,8.0,0.0,7.0,1.0,0.0,0.0,0.0,0.0,44.0,212.0,217.0,114.0,0.0,0.0,0.0
7,19145,0.0,0.0,12.0,16.0,11.0,120.0,56.0,46.0,1.0,1.0,17.0,0.0,1.0,44.0,5.0,0.0,2.0,0.0,0.0,0.0,6.0,0.0,0.0,0.0,0.0,25.0,190.0,131.0,42.0,0.0,0.0,0.0
7,19146,1.0,1.0,8.0,16.0,7.0,130.0,49.0,32.0,0.0,0.0,22.0,1.0,4.0,39.0,1.0,0.0,6.0,0.0,0.0,3.0,1.0,0.0,0.0,0.0,0.0,11.0,186.0,62.0,84.0,0.0,0.0,0.0
7,19147,0.0,0.0,9.0,10.0,10.0,99.0,32.0,23.0,1.0,0.0,17.0,0.0,1.0,23.0,2.0,0.0,2.0,0.0,0.0,0.0,0.0,0.0,0.0,1.0,0.0,11.0,128.0,41.0,72.0,0.0,0.0,0.0
7,19148,1.0,0.0,17.0,15.0,16.0,170.0,38.0,56.0,4.0,0.0,16.0,0.0,2.0,47.0,2.0,0.0,2.0,4.0,0.0,0.0,2.0,1.0,0.0,1.0,0.0,21.0,0.0,217.0,198.0,0.0,0.0,0.0
7,19149,0.0,1.0,11.0,13.0,10.0,144.0,92.0,35.0,0.0,3.0,20.0,0.0,2.0,36.0,5.0,0.0,2.0,0.0,0.0,0.0,1.0,0.0,0.0,0.0,0.0,31.0,179.0,96.0,131.0,0.0,0.0,0.0
7,19150,0.0,1.0,4.0,4.0,7.0,22.0,40.0,12.0,0.0,1.0,22.0,0.0,2.0,17.0,4.0,0.0,0.0,0.0,0.0,6.0,0.0,0.0,0.0,0.0,0.0,11.0,72.0,0.0,1.0,80.0,0.0,0.0
7,19151,0.0,0.0,4.0,20.0,6.0,42.0,59.0,60.0,1.0,0.0,12.0,1.0,2.0,36.0,6.0,0.0,1.0,2.0,0.0,0.0,0.0,0.0,0.0,0.0,0.0,14.0,205.0,59.0,2.0,0.0,0.0,0.0
7,19152,0.0,1.0,4.0,6.0,4.0,86.0,50.0,26.0,0.0,0.0,19.0,1.0,0.0,20.0,0.0,0.0,1.0,0.0,0.0,0.0,0.0,0.0,0.0,0.0,0.0,4.0,123.0,2.0,97.0,0.0,0.0,0.0
7,19153,0.0,1.0,3.0,7.0,3.0,91.0,33.0,21.0,0.0,0.0,12.0,0.0,4.0,16.0,0.0,4.0,0.0,2.0,0.0,0.0,0.0,0.0,0.0,0.0,0.0,4.0,135.0,1.0,7.0,0.0,58.0,0.0
7,19154,0.0,0.0,6.0,7.0,3.0,88.0,16.0,23.0,1.0,0.0,13.0,0.0,0.0,24.0,0.0,0.0,1.0,0.0,0.0,0.0,0.0,0.0,0.0,0.0,0.0,13.0,0.0,16.0,179.0,0.0,0.0,0.0
8,19102,0.0,1.0,5.0,2.0,6.0,61.0,0.0,20.0,0.0,0.0,3.0,0.0,0.0,5.0,1.0,0.0,2.0,2.0,0.0,0.0,0.0,0.0,0.0,1.0,0.0,17.0,78.0,48.0,0.0,0.0,0.0,0.0
8,19103,0.0,0.0,4.0,7.0,21.0,162.0,13.0,30.0,1.0,1.0,6.0,0.0,0.0,9.0,0.0,0.0,3.0,0.0,0.0,0.0,0.0,0.0,0.0,2.0,0.0,8.0,138.0,129.0,0.0,0.0,0.0,0.0
8,19104,1.0,0.0,7.0,31.0,12.0,157.0,61.0,60.0,1.0,0.0,26.0,0.0,6.0,55.0,8.0,0.0,2.0,6.0,0.0,0.0,1.0,0.0,0.0,6.0,0.0,32.0,172.0,117.0,183.0,0.0,0.0,0.0
8,19106,1.0,0.0,3.0,5.0,5.0,56.0,16.0,19.0,0.0,0.0,3.0,0.0,0.0,11.0,0.0,0.0,0.0,0.0,0.0,0.0,0.0,0.0,0.0,1.0,0.0,4.0,13.0,75.0,36.0,0.0,0.0,0.0
8,19107,0.0,0.0,8.0,17.0,13.0,152.0,19.0,40.0,2.0,0.0,10.0,0.0,2.0,28.0,1.0,0.0,3.0,1.0,0.0,0.0,3.0,0.0,0.0,3.0,0.0,18.0,22.0,135.0,163.0,0.0,0.0,0.0
8,19109,0.0,0.0,0.0,0.0,0.0,0.0,0.0,0.0,0.0,0.0,0.0,0.0,0.0,0.0,0.0,0.0,0.0,0.0,0.0,0.0,0.0,0.0,0.0,0.0,0.0,0.0,0.0,0.0,0.0,0.0,0.0,0.0
8,19110,0.0,0.0,0.0,0.0,0.0,0.0,0.0,0.0,0.0,0.0,0.0,0.0,0.0,0.0,0.0,0.0,0.0,0.0,0.0,0.0,0.0,0.0,0.0,0.0,0.0,0.0,0.0,0.0,0.0,0.0,0.0,0.0
8,19111,0.0,1.0,16.0,4.0,4.0,97.0,89.0,39.0,0.0,0.0,22.0,0.0,3.0,35.0,5.0,0.0,2.0,4.0,0.0,1.0,0.0,0.0,0.0,0.0,0.0,28.0,100.0,103.0,147.0,0.0,0.0,0.0
8,19112,0.0,0.0,0.0,0.0,0.0,1.0,0.0,2.0,0.0,0.0,0.0,0.0,0.0,1.0,0.0,0.0,0.0,0.0,0.0,0.0,0.0,0.0,0.0,0.0,0.0,1.0,0.0,5.0,0.0,0.0,0.0,0.0
8,19113,0.0,0.0,0.0,0.0,0.0,0.0,0.0,0.0,0.0,0.0,0.0,0.0,0.0,0.0,0.0,0.0,0.0,0.0,0.0,0.0,0.0,0.0,0.0,0.0,0.0,0.0,0.0,0.0,0.0,0.0,0.0,0.0
8,19114,0.0,0.0,5.0,8.0,2.0,171.0,30.0,25.0,0.0,0.0,10.0,0.0,2.0,11.0,2.0,0.0,2.0,0.0,0.0,0.0,1.0,0.0,0.0,0.0,0.0,8.0,12.0,263.0,2.0,0.0,0.0,0.0
8,19115,0.0,1.0,5.0,7.0,4.0,60.0,15.0,13.0,0.0,0.0,15.0,0.0,0.0,15.0,7.0,0.0,0.0,0.0,0.0,0.0,0.0,0.0,0.0,0.0,0.0,5.0,3.0,141.0,3.0,0.0,0.0,0.0
8,19116,0.0,0.0,2.0,5.0,4.0,57.0,7.0,12.0,0.0,0.0,10.0,0.0,2.0,3.0,0.0,0.0,1.0,0.0,0.0,0.0,0.0,0.0,0.0,0.0,0.0,12.0,0.0,0.0,115.0,0.0,0.0,0.0
8,19118,0.0,0.0,1.0,0.0,4.0,44.0,7.0,11.0,0.0,1.0,8.0,0.0,0.0,13.0,0.0,0.0,0.0,0.0,0.0,0.0,0.0,0.0,0.0,0.0,0.0,6.0,0.0,1.0,0.0,94.0,0.0,0.0
8,19119,0.0,0.0,4.0,2.0,21.0,37.0,18.0,24.0,0.0,1.0,14.0,1.0,0.0,23.0,3.0,0.0,1.0,0.0,0.0,1.0,0.0,0.0,0.0,0.0,0.0,7.0,37.0,24.0,71.0,25.0,0.0,0.0
8,19120,3.0,1.0,14.0,35.0,16.0,98.0,116.0,88.0,1.0,0.0,20.0,1.0,8.0,74.0,5.0,0.0,3.0,5.0,0.0,0.0,2.0,0.0,0.0,0.0,0.0,52.0,150.0,392.0,0.0,0.0,0.0,0.0
8,19121,0.0,4.0,22.0,35.0,40.0,151.0,99.0,116.0,3.0,0.0,16.0,1.0,9.0,53.0,6.0,0.0,4.0,3.0,0.0,1.0,3.0,0.0,0.0,1.0,0.0,40.0,129.0,143.0,154.0,181.0,0.0,0.0
8,19122,1.0,2.0,10.0,12.0,17.0,115.0,77.0,22.0,1.0,0.0,14.0,1.0,1.0,32.0,5.0,0.0,2.0,0.0,0.0,0.0,2.0,0.0,1.0,1.0,0.0,14.0,104.0,178.0,48.0,0.0,0.0,0.0
8,19123,0.0,0.0,9.0,10.0,8.0,138.0,63.0,27.0,0.0,0.0,9.0,0.0,1.0,30.0,0.0,0.0,0.0,2.0,0.0,0.0,1.0,0.0,0.0,1.0,0.0,13.0,195.0,87.0,30.0,0.0,0.0,0.0
8,19124,1.0,4.0,33.0,50.0,22.0,219.0,136.0,102.0,5.0,0.0,20.0,1.0,9.0,76.0,23.0,2.0,43.0,17.0,0.0,1.0,0.0,2.0,0.0,2.0,0.0,48.0,558.0,257.0,1.0,0.0,0.0,0.0
8,19125,0.0,1.0,8.0,6.0,12.0,103.0,101.0,26.0,1.0,0.0,17.0,0.0,4.0,31.0,3.0,3.0,0.0,0.0,0.0,0.0,1.0,0.0,0.0,1.0,0.0,16.0,1.0,12.0,321.0,0.0,0.0,0.0
8,19126,0.0,0.0,4.0,8.0,3.0,14.0,14.0,20.0,1.0,0.0,3.0,0.0,1.0,11.0,3.0,0.0,1.0,1.0,0.0,0.0,0.0,0.0,0.0,0.0,0.0,8.0,65.0,0.0,27.0,0.0,0.0,0.0
8,19127,0.0,1.0,1.0,1.0,3.0,22.0,3.0,5.0,0.0,1.0,2.0,0.0,0.0,2.0,0.0,0.0,0.0,0.0,0.0,0.0,0.0,0.0,0.0,0.0,0.0,2.0,22.0,21.0,0.0,0.0,0.0,0.0
8,19128,0.0,0.0,4.0,4.0,5.0,69.0,29.0,20.0,1.0,2.0,15.0,1.0,3.0,19.0,1.0,0.0,1.0,0.0,0.0,0.0,0.0,1.0,0.0,0.0,0.0,7.0,62.0,46.0,74.0,0.0,0.0,0.0
8,19129,0.0,0.0,1.0,1.0,2.0,40.0,29.0,15.0,0.0,0.0,11.0,0.0,1.0,13.0,2.0,0.0,1.0,0.0,0.0,0.0,0.0,0.0,0.0,0.0,0.0,2.0,87.0,23.0,8.0,0.0,0.0,0.0
8,19130,0.0,0.0,7.0,7.0,9.0,119.0,63.0,32.0,0.0,0.0,8.0,1.0,1.0,37.0,5.0,0.0,1.0,1.0,0.0,0.0,1.0,1.0,0.0,0.0,0.0,11.0,3.0,37.0,239.0,25.0,0.0,0.0
8,19131,2.0,1.0,6.0,30.0,9.0,108.0,46.0,91.0,3.0,0.0,24.0,0.0,6.0,44.0,8.0,6.0,1.0,2.0,0.0,0.0,3.0,0.0,0.0,0.0,0.0,21.0,48.0,162.0,201.0,0.0,0.0,0.0
8,19132,0.0,4.0,23.0,47.0,30.0,150.0,48.0,98.0,3.0,2.0,22.0,1.0,8.0,53.0,16.0,0.0,3.0,7.0,0.0,0.0,1.0,1.0,0.0,1.0,0.0,65.0,204.0,136.0,217.0,26.0,0.0,0.0
8,19133,0.0,1.0,8.0,35.0,13.0,101.0,54.0,43.0,4.0,0.0,10.0,0.0,5.0,33.0,26.0,0.0,4.0,17.0,0.0,0.0,15.0,1.0,0.0,1.0,0.0,21.0,187.0,3.0,107.0,95.0,0.0,0.0
8,19134,5.0,3.0,31.0,59.0,20.0,156.0,109.0,95.0,5.0,0.0,26.0,1.0,12.0,70.0,34.0,0.0,2.0,79.0,0.0,0.0,11.0,0.0,0.0,1.0,0.0,107.0,163.0,314.0,349.0,0.0,0.0,0.0
8,19135,0.0,1.0,5.0,7.0,9.0,138.0,69.0,38.0,3.0,0.0,17.0,1.0,3.0,42.0,4.0,3.0,1.0,0.0,0.0,0.0,1.0,0.0,0.0,0.0,0.0,19.0,3.0,213.0,145.0,0.0,0.0,0.0
8,19136,0.0,0.0,5.0,14.0,4.0,65.0,42.0,35.0,2.0,0.0,8.0,1.0,1.0,34.0,3.0,0.0,2.0,2.0,0.0,0.0,4.0,1.0,0.0,0.0,0.0,17.0,115.0,1.0,124.0,0.0,0.0,0.0
8,19137,0.0,1.0,0.0,1.0,6.0,44.0,20.0,7.0,1.0,0.0,4.0,1.0,3.0,6.0,0.0,0.0,0.0,0.0,0.0,0.0,0.0,0.0,0.0,0.0,0.0,13.0,87.0,2.0,18.0,0.0,0.0,0.0
8,19138,0.0,1.0,7.0,17.0,8.0,74.0,60.0,51.0,5.0,0.0,28.0,0.0,1.0,44.0,7.0,0.0,1.0,6.0,0.0,5.0,0.0,0.0,0.0,0.0,0.0,19.0,262.0,9.0,63.0,0.0,0.0,0.0
8,19139,3.0,1.0,16.0,47.0,26.0,130.0,56.0,103.0,1.0,0.0,15.0,0.0,7.0,68.0,31.0,0.0,3.0,7.0,0.0,0.0,3.0,0.0,0.0,4.0,0.0,47.0,107.0,412.0,49.0,0.0,0.0,0.0
8,19140,0.0,2.0,31.0,67.0,27.0,139.0,82.0,155.0,7.0,0.0,17.0,0.0,10.0,77.0,31.0,9.0,3.0,10.0,0.0,0.0,1.0,0.0,0.0,2.0,0.0,110.0,175.0,425.0,70.0,110.0,0.0,0.0
8,19141,0.0,0.0,7.0,24.0,8.0,102.0,61.0,57.0,1.0,1.0,23.0,0.0,2.0,42.0,9.0,0.0,3.0,1.0,0.0,0.0,1.0,0.0,0.0,0.0,0.0,36.0,76.0,157.0,145.0,0.0,0.0,0.0
8,19142,0.0,1.0,11.0,29.0,11.0,44.0,42.0,58.0,0.0,0.0,10.0,0.0,1.0,32.0,11.0,0.0,2.0,2.0,0.0,0.0,2.0,0.0,0.0,2.0,0.0,24.0,39.0,121.0,122.0,0.0,0.0,0.0
8,19143,2.0,0.0,11.0,32.0,20.0,96.0,115.0,101.0,2.0,0.0,25.0,0.0,7.0,78.0,26.0,0.0,5.0,11.0,0.0,1.0,2.0,1.0,0.0,3.0,0.0,54.0,96.0,133.0,152.0,211.0,0.0,0.0
8,19144,1.0,2.0,17.0,23.0,17.0,121.0,90.0,80.0,1.0,0.0,22.0,1.0,2.0,54.0,8.0,0.0,3.0,5.0,0.0,6.0,0.0,0.0,0.0,0.0,0.0,30.0,160.0,200.0,123.0,0.0,0.0,0.0
8,19145,0.0,0.0,10.0,23.0,10.0,122.0,34.0,53.0,1.0,1.0,29.0,1.0,3.0,35.0,4.0,0.0,4.0,5.0,0.0,0.0,0.0,0.0,0.0,0.0,0.0,13.0,192.0,111.0,45.0,0.0,0.0,0.0
8,19146,0.0,1.0,11.0,16.0,12.0,122.0,61.0,42.0,1.0,0.0,20.0,1.0,1.0,37.0,6.0,0.0,4.0,3.0,0.0,1.0,0.0,0.0,0.0,0.0,0.0,19.0,176.0,88.0,94.0,0.0,0.0,0.0
8,19147,0.0,1.0,9.0,3.0,14.0,92.0,35.0,26.0,0.0,2.0,17.0,0.0,3.0,27.0,1.0,0.0,4.0,0.0,0.0,0.0,1.0,0.0,0.0,0.0,0.0,5.0,125.0,43.0,72.0,0.0,0.0,0.0
8,19148,1.0,0.0,19.0,8.0,7.0,157.0,49.0,41.0,2.0,0.0,13.0,0.0,3.0,52.0,3.0,0.0,4.0,5.0,0.0,0.0,1.0,1.0,1.0,0.0,0.0,19.0,1.0,190.0,195.0,0.0,0.0,0.0
8,19149,1.0,2.0,22.0,18.0,10.0,143.0,89.0,48.0,1.0,0.0,23.0,0.0,2.0,49.0,4.0,0.0,1.0,2.0,0.0,0.0,3.0,1.0,0.0,1.0,0.0,30.0,189.0,105.0,156.0,0.0,0.0,0.0
8,19150,0.0,0.0,3.0,12.0,2.0,24.0,27.0,39.0,2.0,2.0,24.0,0.0,1.0,20.0,5.0,0.0,0.0,0.0,0.0,3.0,0.0,0.0,0.0,0.0,0.0,21.0,87.0,0.0,0.0,98.0,0.0,0.0
8,19151,1.0,1.0,4.0,15.0,6.0,62.0,33.0,54.0,1.0,2.0,13.0,0.0,4.0,30.0,4.0,0.0,0.0,2.0,0.0,0.0,1.0,0.0,0.0,1.0,0.0,16.0,183.0,66.0,1.0,0.0,0.0,0.0
8,19152,0.0,0.0,7.0,4.0,5.0,122.0,48.0,19.0,0.0,1.0,12.0,1.0,2.0,22.0,0.0,0.0,1.0,0.0,0.0,0.0,0.0,0.0,0.0,0.0,0.0,18.0,119.0,4.0,139.0,0.0,0.0,0.0
8,19153,1.0,0.0,3.0,4.0,4.0,87.0,48.0,24.0,1.0,0.0,12.0,0.0,7.0,22.0,5.0,0.0,1.0,3.0,0.0,0.0,0.0,0.0,0.0,3.0,0.0,2.0,157.0,1.0,11.0,0.0,58.0,0.0
8,19154,0.0,0.0,6.0,2.0,3.0,96.0,38.0,21.0,2.0,0.0,11.0,0.0,0.0,15.0,1.0,0.0,0.0,0.0,0.0,0.0,1.0,0.0,0.0,0.0,0.0,7.0,0.0,25.0,178.0,0.0,0.0,0.0
9,19102,0.0,1.0,3.0,6.0,2.0,57.0,3.0,26.0,0.0,0.0,2.0,0.0,1.0,5.0,1.0,0.0,3.0,0.0,0.0,0.0,0.0,0.0,0.0,2.0,0.0,12.0,64.0,60.0,0.0,0.0,0.0,0.0
9,19103,0.0,0.0,6.0,6.0,13.0,114.0,4.0,21.0,0.0,0.0,11.0,1.0,0.0,4.0,1.0,0.0,1.0,1.0,0.0,0.0,0.0,0.0,0.0,1.0,0.0,7.0,98.0,93.0,0.0,0.0,0.0,0.0
9,19104,2.0,2.0,10.0,25.0,18.0,163.0,33.0,61.0,3.0,0.0,15.0,0.0,3.0,52.0,4.0,0.0,4.0,12.0,0.0,0.0,4.0,0.0,0.0,7.0,0.0,43.0,165.0,106.0,190.0,0.0,0.0,0.0
9,19106,0.0,0.0,5.0,5.0,3.0,38.0,6.0,22.0,0.0,0.0,1.0,0.0,2.0,9.0,1.0,0.0,0.0,0.0,0.0,0.0,1.0,0.0,0.0,0.0,0.0,7.0,7.0,57.0,36.0,0.0,0.0,0.0
9,19107,0.0,2.0,10.0,17.0,17.0,141.0,7.0,44.0,1.0,0.0,11.0,1.0,0.0,12.0,3.0,0.0,4.0,0.0,0.0,0.0,0.0,0.0,1.0,0.0,0.0,18.0,10.0,114.0,165.0,0.0,0.0,0.0
9,19109,0.0,0.0,0.0,0.0,0.0,0.0,0.0,0.0,0.0,0.0,0.0,0.0,0.0,0.0,0.0,0.0,0.0,0.0,0.0,0.0,0.0,0.0,0.0,0.0,0.0,0.0,0.0,0.0,0.0,0.0,0.0,0.0
9,19110,0.0,0.0,0.0,0.0,0.0,0.0,1.0,1.0,0.0,0.0,0.0,0.0,0.0,0.0,0.0,0.0,0.0,0.0,0.0,0.0,0.0,0.0,0.0,0.0,0.0,0.0,2.0,0.0,0.0,0.0,0.0,0.0
9,19111,0.0,1.0,12.0,12.0,15.0,117.0,53.0,28.0,1.0,0.0,16.0,0.0,0.0,44.0,2.0,0.0,2.0,4.0,0.0,0.0,3.0,0.0,0.0,0.0,0.0,19.0,87.0,98.0,144.0,0.0,0.0,0.0
9,19112,0.0,0.0,0.0,0.0,0.0,1.0,1.0,1.0,0.0,0.0,0.0,0.0,0.0,0.0,0.0,0.0,0.0,0.0,0.0,0.0,0.0,0.0,0.0,0.0,0.0,0.0,0.0,3.0,0.0,0.0,0.0,0.0
9,19113,0.0,0.0,0.0,0.0,0.0,0.0,0.0,0.0,0.0,0.0,0.0,0.0,0.0,0.0,0.0,0.0,0.0,0.0,0.0,0.0,0.0,0.0,0.0,0.0,0.0,0.0,0.0,0.0,0.0,0.0,0.0,0.0
9,19114,0.0,0.0,6.0,7.0,5.0,125.0,18.0,25.0,2.0,0.0,4.0,0.0,1.0,23.0,0.0,0.0,1.0,0.0,0.0,0.0,3.0,0.0,0.0,0.0,0.0,6.0,8.0,216.0,2.0,0.0,0.0,0.0
9,19115,0.0,0.0,2.0,1.0,1.0,42.0,11.0,17.0,0.0,0.0,9.0,0.0,0.0,13.0,3.0,0.0,0.0,0.0,0.0,0.0,2.0,0.0,0.0,0.0,0.0,12.0,5.0,106.0,2.0,0.0,0.0,0.0
9,19116,0.0,0.0,1.0,5.0,1.0,51.0,9.0,14.0,0.0,0.0,13.0,0.0,0.0,5.0,0.0,0.0,0.0,0.0,0.0,0.0,1.0,0.0,0.0,0.0,0.0,7.0,0.0,0.0,107.0,0.0,0.0,0.0
9,19118,0.0,0.0,0.0,2.0,1.0,36.0,4.0,7.0,0.0,0.0,9.0,0.0,0.0,5.0,0.0,0.0,0.0,0.0,0.0,1.0,0.0,0.0,0.0,0.0,0.0,1.0,0.0,0.0,2.0,64.0,0.0,0.0
9,19119,0.0,1.0,4.0,4.0,5.0,39.0,21.0,27.0,0.0,1.0,6.0,0.0,2.0,21.0,0.0,0.0,0.0,0.0,0.0,2.0,1.0,0.0,0.0,0.0,0.0,4.0,34.0,29.0,59.0,16.0,0.0,0.0
9,19120,0.0,3.0,20.0,27.0,13.0,102.0,72.0,80.0,1.0,0.0,21.0,0.0,8.0,56.0,10.0,0.0,4.0,5.0,0.0,1.0,0.0,0.0,0.0,0.0,0.0,37.0,131.0,329.0,0.0,0.0,0.0,0.0
9,19121,1.0,2.0,11.0,28.0,36.0,105.0,67.0,102.0,1.0,0.0,25.0,0.0,3.0,48.0,10.0,0.0,4.0,2.0,0.0,1.0,1.0,0.0,1.0,3.0,0.0,23.0,135.0,104.0,117.0,118.0,0.0,0.0
9,19122,0.0,1.0,13.0,7.0,16.0,99.0,50.0,41.0,1.0,0.0,8.0,0.0,2.0,16.0,3.0,0.0,0.0,2.0,0.0,0.0,0.0,0.0,0.0,3.0,0.0,9.0,92.0,128.0,51.0,0.0,0.0,0.0
9,19123,0.0,1.0,12.0,4.0,15.0,104.0,54.0,28.0,1.0,0.0,5.0,2.0,1.0,34.0,2.0,0.0,1.0,4.0,0.0,0.0,2.0,0.0,0.0,1.0,0.0,12.0,169.0,82.0,32.0,0.0,0.0,0.0
9,19124,0.0,4.0,35.0,36.0,32.0,214.0,95.0,82.0,2.0,0.0,21.0,2.0,8.0,75.0,12.0,1.0,18.0,8.0,0.0,0.0,4.0,0.0,0.0,1.0,0.0,49.0,501.0,197.0,1.0,0.0,0.0,0.0
9,19125,0.0,1.0,10.0,7.0,19.0,102.0,55.0,26.0,3.0,1.0,7.0,1.0,2.0,30.0,5.0,0.0,0.0,0.0,0.0,0.0,2.0,0.0,0.0,0.0,0.0,17.0,2.0,5.0,281.0,0.0,0.0,0.0
9,19126,2.0,0.0,3.0,3.0,5.0,21.0,19.0,21.0,0.0,1.0,12.0,1.0,1.0,4.0,3.0,0.0,0.0,0.0,0.0,0.0,0.0,0.0,0.0,0.0,0.0,11.0,67.0,0.0,40.0,0.0,0.0,0.0
9,19127,0.0,0.0,0.0,2.0,3.0,27.0,17.0,3.0,0.0,0.0,1.0,0.0,0.0,7.0,0.0,0.0,0.0,0.0,0.0,0.0,1.0,0.0,0.0,0.0,0.0,2.0,43.0,20.0,0.0,0.0,0.0,0.0
9,19128,0.0,0.0,2.0,4.0,4.0,80.0,28.0,20.0,1.0,0.0,16.0,2.0,1.0,11.0,1.0,0.0,0.0,0.0,0.0,0.0,2.0,0.0,0.0,0.0,0.0,4.0,69.0,50.0,57.0,0.0,0.0,0.0
9,19129,0.0,2.0,2.0,4.0,9.0,37.0,20.0,19.0,0.0,0.0,6.0,0.0,1.0,14.0,1.0,0.0,0.0,0.0,0.0,0.0,0.0,0.0,0.0,1.0,0.0,4.0,71.0,33.0,16.0,0.0,0.0,0.0
9,19130,0.0,1.0,2.0,9.0,14.0,110.0,29.0,14.0,0.0,0.0,10.0,0.0,1.0,17.0,2.0,0.0,1.0,5.0,0.0,0.0,1.0,0.0,0.0,0.0,0.0,10.0,0.0,34.0,179.0,13.0,0.0,0.0
9,19131,2.0,3.0,13.0,28.0,17.0,129.0,32.0,72.0,7.0,0.0,19.0,0.0,5.0,55.0,14.0,1.0,2.0,3.0,0.0,0.0,1.0,0.0,0.0,0.0,0.0,35.0,65.0,172.0,201.0,0.0,0.0,0.0
9,19132,0.0,2.0,24.0,41.0,33.0,159.0,53.0,121.0,2.0,0.0,24.0,1.0,2.0,48.0,20.0,0.0,1.0,8.0,0.0,0.0,1.0,0.0,0.0,2.0,0.0,34.0,192.0,147.0,216.0,21.0,0.0,0.0
9,19133,1.0,0.0,15.0,29.0,17.0,98.0,37.0,56.0,3.0,2.0,10.0,0.0,3.0,34.0,16.0,0.0,2.0,12.0,0.0,0.0,26.0,0.0,0.0,1.0,0.0,24.0,189.0,7.0,111.0,79.0,0.0,0.0
9,19134,4.0,2.0,30.0,38.0,14.0,107.0,53.0,99.0,4.0,0.0,25.0,0.0,17.0,52.0,19.0,17.0,3.0,76.0,0.0,0.0,8.0,2.0,0.0,9.0,0.0,110.0,171.0,260.0,258.0,0.0,0.0,0.0
9,19135,1.0,0.0,7.0,13.0,17.0,118.0,42.0,39.0,0.0,0.0,9.0,0.0,1.0,41.0,6.0,0.0,0.0,2.0,0.0,1.0,3.0,0.0,0.0,0.0,0.0,26.0,0.0,197.0,129.0,0.0,0.0,0.0
9,19136,0.0,2.0,5.0,19.0,5.0,60.0,17.0,36.0,1.0,1.0,14.0,0.0,2.0,32.0,4.0,0.0,2.0,0.0,0.0,0.0,2.0,1.0,0.0,0.0,0.0,27.0,89.0,0.0,141.0,0.0,0.0,0.0
9,19137,1.0,1.0,1.0,2.0,2.0,33.0,11.0,9.0,1.0,0.0,2.0,1.0,3.0,8.0,1.0,0.0,0.0,2.0,0.0,0.0,1.0,0.0,0.0,0.0,0.0,16.0,69.0,10.0,16.0,0.0,0.0,0.0
9,19138,0.0,4.0,9.0,14.0,4.0,38.0,39.0,45.0,3.0,0.0,15.0,0.0,5.0,32.0,5.0,0.0,0.0,9.0,0.0,4.0,0.0,0.0,0.0,0.0,0.0,10.0,192.0,8.0,35.0,1.0,0.0,0.0
9,19139,1.0,3.0,7.0,37.0,21.0,109.0,46.0,98.0,0.0,0.0,23.0,0.0,2.0,63.0,25.0,0.0,1.0,6.0,0.0,2.0,5.0,0.0,0.0,4.0,0.0,45.0,116.0,346.0,36.0,0.0,0.0,0.0
9,19140,2.0,3.0,28.0,40.0,34.0,163.0,70.0,122.0,6.0,0.0,33.0,0.0,6.0,63.0,25.0,4.0,9.0,9.0,0.0,1.0,6.0,0.0,0.0,1.0,0.0,143.0,189.0,431.0,51.0,97.0,0.0,0.0
9,19141,0.0,0.0,9.0,15.0,12.0,55.0,47.0,46.0,2.0,1.0,20.0,0.0,2.0,30.0,8.0,0.0,4.0,3.0,0.0,0.0,1.0,0.0,0.0,0.0,0.0,33.0,62.0,113.0,113.0,0.0,0.0,0.0
9,19142,0.0,3.0,9.0,20.0,10.0,65.0,38.0,54.0,3.0,0.0,3.0,1.0,8.0,40.0,10.0,0.0,2.0,4.0,0.0,0.0,5.0,0.0,0.0,0.0,0.0,19.0,41.0,127.0,125.0,1.0,0.0,0.0
9,19143,2.0,4.0,15.0,30.0,29.0,84.0,51.0,112.0,6.0,0.0,32.0,0.0,3.0,52.0,13.0,0.0,4.0,5.0,0.0,0.0,4.0,0.0,0.0,0.0,0.0,47.0,93.0,101.0,137.0,162.0,0.0,0.0
9,19144,0.0,2.0,8.0,17.0,15.0,119.0,50.0,82.0,0.0,2.0,23.0,0.0,0.0,45.0,13.0,0.0,3.0,12.0,0.0,27.0,2.0,0.0,0.0,0.0,0.0,31.0,146.0,178.0,127.0,0.0,0.0,0.0
9,19145,0.0,0.0,10.0,9.0,10.0,100.0,50.0,35.0,0.0,0.0,25.0,0.0,6.0,25.0,4.0,0.0,2.0,1.0,0.0,0.0,1.0,0.0,0.0,1.0,0.0,12.0,151.0,106.0,34.0,0.0,0.0,0.0
9,19146,2.0,1.0,10.0,11.0,7.0,98.0,51.0,38.0,2.0,0.0,12.0,0.0,2.0,21.0,5.0,0.0,1.0,0.0,0.0,2.0,1.0,0.0,0.0,1.0,0.0,16.0,144.0,67.0,70.0,0.0,0.0,0.0
9,19147,0.0,0.0,9.0,12.0,5.0,96.0,42.0,20.0,0.0,1.0,20.0,0.0,2.0,25.0,1.0,0.0,2.0,0.0,0.0,0.0,1.0,0.0,1.0,0.0,0.0,8.0,120.0,43.0,82.0,0.0,0.0,0.0
9,19148,0.0,0.0,9.0,17.0,12.0,173.0,79.0,47.0,0.0,0.0,13.0,1.0,1.0,50.0,6.0,0.0,4.0,2.0,0.0,0.0,2.0,0.0,1.0,0.0,0.0,20.0,1.0,226.0,210.0,0.0,0.0,0.0
9,19149,0.0,1.0,26.0,14.0,21.0,129.0,52.0,53.0,1.0,0.0,14.0,0.0,3.0,56.0,10.0,0.0,2.0,1.0,0.0,0.0,2.0,0.0,0.0,0.0,0.0,18.0,157.0,87.0,159.0,0.0,0.0,0.0
9,19150,0.0,0.0,1.0,5.0,7.0,24.0,23.0,23.0,0.0,0.0,12.0,1.0,0.0,22.0,2.0,0.0,0.0,2.0,0.0,2.0,0.0,0.0,0.0,0.0,0.0,11.0,56.0,0.0,0.0,79.0,0.0,0.0
9,19151,0.0,0.0,10.0,18.0,10.0,45.0,44.0,51.0,2.0,0.0,19.0,0.0,2.0,38.0,2.0,0.0,1.0,1.0,0.0,0.0,2.0,0.0,0.0,0.0,0.0,13.0,207.0,49.0,2.0,0.0,0.0,0.0
9,19152,0.0,0.0,7.0,5.0,8.0,89.0,38.0,21.0,1.0,0.0,11.0,0.0,1.0,36.0,0.0,0.0,1.0,0.0,0.0,0.0,0.0,0.0,0.0,0.0,0.0,13.0,99.0,1.0,131.0,0.0,0.0,0.0
9,19153,0.0,0.0,5.0,6.0,2.0,77.0,27.0,25.0,1.0,0.0,8.0,1.0,11.0,18.0,3.0,3.0,1.0,2.0,0.0,0.0,2.0,0.0,0.0,1.0,0.0,5.0,127.0,0.0,15.0,0.0,56.0,0.0
9,19154,0.0,0.0,2.0,7.0,4.0,64.0,11.0,21.0,0.0,0.0,17.0,1.0,0.0,8.0,0.0,0.0,0.0,1.0,0.0,2.0,0.0,0.0,0.0,0.0,0.0,10.0,0.0,15.0,133.0,0.0,0.0,0.0
10,19102,0.0,1.0,5.0,5.0,0.0,52.0,2.0,18.0,0.0,0.0,1.0,0.0,0.0,3.0,1.0,0.0,0.0,0.0,0.0,0.0,0.0,0.0,0.0,2.0,0.0,4.0,61.0,33.0,0.0,0.0,0.0,0.0
10,19103,0.0,0.0,3.0,2.0,9.0,96.0,4.0,19.0,1.0,0.0,7.0,1.0,0.0,5.0,0.0,0.0,1.0,0.0,0.0,0.0,0.0,0.0,0.0,2.0,0.0,7.0,88.0,69.0,0.0,0.0,0.0,0.0
10,19104,0.0,2.0,20.0,17.0,15.0,156.0,49.0,63.0,2.0,0.0,24.0,0.0,0.0,51.0,7.0,0.0,2.0,3.0,0.0,1.0,1.0,0.0,0.0,3.0,0.0,35.0,171.0,109.0,171.0,0.0,0.0,0.0
10,19106,0.0,0.0,9.0,3.0,7.0,39.0,2.0,14.0,0.0,0.0,4.0,0.0,1.0,10.0,1.0,0.0,2.0,0.0,0.0,0.0,3.0,0.0,0.0,0.0,0.0,18.0,9.0,76.0,28.0,0.0,0.0,0.0
10,19107,1.0,0.0,10.0,13.0,8.0,147.0,9.0,41.0,1.0,0.0,6.0,1.0,1.0,15.0,4.0,0.0,3.0,1.0,0.0,0.0,1.0,0.0,0.0,1.0,0.0,10.0,17.0,91.0,165.0,0.0,0.0,0.0
10,19109,0.0,0.0,0.0,0.0,0.0,0.0,0.0,0.0,0.0,0.0,0.0,0.0,0.0,0.0,0.0,0.0,0.0,0.0,0.0,0.0,0.0,0.0,0.0,0.0,0.0,0.0,0.0,0.0,0.0,0.0,0.0,0.0
10,19110,0.0,0.0,0.0,0.0,0.0,1.0,0.0,0.0,0.0,0.0,0.0,0.0,0.0,0.0,0.0,0.0,0.0,0.0,0.0,0.0,0.0,0.0,0.0,0.0,0.0,0.0,1.0,0.0,0.0,0.0,0.0,0.0
10,19111,0.0,1.0,10.0,8.0,5.0,113.0,53.0,45.0,0.0,0.0,18.0,0.0,0.0,69.0,2.0,0.0,2.0,4.0,0.0,0.0,2.0,0.0,0.0,0.0,0.0,20.0,66.0,116.0,170.0,0.0,0.0,0.0
10,19112,0.0,0.0,0.0,0.0,0.0,1.0,0.0,1.0,0.0,0.0,0.0,0.0,0.0,2.0,0.0,0.0,0.0,0.0,0.0,0.0,0.0,0.0,0.0,0.0,0.0,0.0,0.0,4.0,0.0,0.0,0.0,0.0
10,19113,0.0,0.0,0.0,0.0,0.0,0.0,0.0,0.0,0.0,0.0,0.0,0.0,0.0,0.0,0.0,0.0,0.0,0.0,0.0,0.0,0.0,0.0,0.0,0.0,0.0,0.0,0.0,0.0,0.0,0.0,0.0,0.0
10,19114,0.0,0.0,5.0,4.0,8.0,126.0,18.0,26.0,2.0,0.0,9.0,0.0,1.0,15.0,0.0,0.0,1.0,0.0,0.0,0.0,2.0,0.0,0.0,1.0,0.0,2.0,11.0,206.0,3.0,0.0,0.0,0.0
10,19115,0.0,0.0,4.0,5.0,3.0,57.0,23.0,13.0,0.0,0.0,12.0,1.0,0.0,10.0,6.0,1.0,0.0,0.0,0.0,0.0,0.0,0.0,0.0,0.0,0.0,7.0,4.0,133.0,5.0,0.0,0.0,0.0
10,19116,0.0,1.0,1.0,4.0,3.0,25.0,6.0,8.0,1.0,0.0,14.0,0.0,0.0,10.0,0.0,0.0,0.0,0.0,0.0,0.0,1.0,0.0,0.0,0.0,0.0,0.0,0.0,0.0,74.0,0.0,0.0,0.0
10,19118,0.0,0.0,1.0,0.0,0.0,30.0,3.0,10.0,0.0,0.0,5.0,0.0,0.0,10.0,0.0,0.0,0.0,0.0,0.0,0.0,0.0,0.0,0.0,0.0,0.0,1.0,0.0,0.0,1.0,59.0,0.0,0.0
10,19119,0.0,0.0,2.0,9.0,1.0,46.0,21.0,29.0,0.0,1.0,14.0,0.0,0.0,17.0,0.0,0.0,0.0,0.0,0.0,1.0,0.0,0.0,0.0,0.0,0.0,10.0,26.0,32.0,78.0,15.0,0.0,0.0
10,19120,1.0,4.0,29.0,41.0,17.0,125.0,61.0,90.0,2.0,0.0,22.0,0.0,6.0,51.0,13.0,0.0,2.0,2.0,0.0,0.0,1.0,0.0,0.0,0.0,0.0,29.0,131.0,365.0,0.0,0.0,0.0,0.0
10,19121,0.0,1.0,13.0,27.0,36.0,138.0,61.0,83.0,0.0,0.0,18.0,0.0,2.0,46.0,6.0,0.0,3.0,8.0,0.0,1.0,1.0,0.0,0.0,1.0,0.0,27.0,95.0,125.0,118.0,134.0,0.0,0.0
10,19122,0.0,0.0,9.0,7.0,19.0,131.0,44.0,27.0,1.0,0.0,4.0,0.0,2.0,22.0,1.0,0.0,4.0,3.0,0.0,0.0,2.0,0.0,0.0,0.0,0.0,2.0,105.0,127.0,46.0,0.0,0.0,0.0
10,19123,0.0,0.0,14.0,7.0,10.0,118.0,35.0,21.0,0.0,0.0,6.0,0.0,1.0,27.0,2.0,0.0,0.0,2.0,0.0,0.0,3.0,0.0,0.0,0.0,0.0,10.0,149.0,83.0,24.0,0.0,0.0,0.0
10,19124,0.0,0.0,37.0,46.0,17.0,227.0,58.0,97.0,3.0,0.0,17.0,0.0,11.0,57.0,15.0,0.0,16.0,9.0,0.0,0.0,1.0,0.0,0.0,3.0,0.0,45.0,471.0,188.0,0.0,0.0,0.0,0.0
10,19125,0.0,0.0,7.0,9.0,17.0,92.0,72.0,22.0,5.0,0.0,3.0,0.0,2.0,23.0,3.0,0.0,0.0,5.0,0.0,0.0,1.0,0.0,0.0,0.0,0.0,16.0,1.0,10.0,266.0,0.0,0.0,0.0
10,19126,0.0,1.0,4.0,2.0,8.0,14.0,23.0,19.0,0.0,0.0,7.0,0.0,0.0,17.0,2.0,0.0,1.0,0.0,0.0,0.0,0.0,0.0,0.0,0.0,0.0,13.0,76.0,0.0,35.0,0.0,0.0,0.0
10,19127,0.0,0.0,2.0,0.0,2.0,13.0,7.0,2.0,0.0,0.0,5.0,0.0,0.0,7.0,0.0,0.0,0.0,0.0,0.0,0.0,0.0,0.0,0.0,0.0,0.0,0.0,17.0,21.0,0.0,0.0,0.0,0.0
10,19128,0.0,0.0,3.0,2.0,6.0,50.0,11.0,31.0,1.0,0.0,13.0,1.0,0.0,19.0,0.0,0.0,0.0,0.0,0.0,0.0,0.0,0.0,0.0,0.0,0.0,6.0,55.0,39.0,49.0,0.0,0.0,0.0
10,19129,0.0,1.0,2.0,6.0,8.0,32.0,9.0,15.0,1.0,0.0,4.0,0.0,1.0,17.0,0.0,0.0,0.0,1.0,0.0,0.0,1.0,0.0,0.0,0.0,0.0,4.0,77.0,12.0,13.0,0.0,0.0,0.0
10,19130,0.0,0.0,7.0,6.0,16.0,139.0,32.0,30.0,0.0,1.0,5.0,0.0,0.0,39.0,2.0,0.0,0.0,4.0,0.0,0.0,0.0,0.0,0.0,0.0,0.0,18.0,3.0,28.0,246.0,22.0,0.0,0.0
10,19131,0.0,1.0,12.0,17.0,8.0,110.0,42.0,91.0,1.0,0.0,33.0,0.0,4.0,45.0,9.0,6.0,4.0,4.0,0.0,0.0,1.0,0.0,0.0,2.0,0.0,26.0,42.0,156.0,218.0,0.0,0.0,0.0
10,19132,1.0,2.0,10.0,37.0,26.0,103.0,32.0,125.0,3.0,0.0,21.0,0.0,3.0,58.0,17.0,0.0,1.0,15.0,0.0,0.0,2.0,0.0,0.0,5.0,0.0,37.0,161.0,135.0,184.0,18.0,0.0,0.0
10,19133,1.0,1.0,11.0,19.0,22.0,86.0,24.0,46.0,5.0,0.0,17.0,0.0,2.0,21.0,14.0,0.0,1.0,15.0,0.0,0.0,2.0,1.0,0.0,0.0,0.0,14.0,159.0,5.0,72.0,66.0,0.0,0.0
10,19134,0.0,4.0,25.0,40.0,22.0,105.0,80.0,88.0,4.0,0.0,20.0,2.0,7.0,60.0,20.0,0.0,3.0,66.0,0.0,0.0,3.0,0.0,0.0,1.0,0.0,116.0,143.0,250.0,273.0,0.0,0.0,0.0
10,19135,0.0,0.0,11.0,12.0,9.0,119.0,39.0,31.0,0.0,0.0,18.0,0.0,0.0,54.0,7.0,0.0,0.0,0.0,0.0,0.0,0.0,0.0,0.0,0.0,0.0,15.0,0.0,223.0,92.0,0.0,0.0,0.0
10,19136,0.0,0.0,3.0,19.0,2.0,53.0,39.0,39.0,1.0,0.0,10.0,1.0,1.0,23.0,2.0,0.0,1.0,4.0,0.0,0.0,3.0,0.0,0.0,0.0,0.0,16.0,120.0,2.0,95.0,0.0,0.0,0.0
10,19137,0.0,1.0,2.0,7.0,1.0,25.0,21.0,15.0,1.0,0.0,2.0,1.0,1.0,7.0,0.0,0.0,0.0,0.0,0.0,0.0,0.0,0.0,0.0,0.0,0.0,4.0,73.0,4.0,11.0,0.0,0.0,0.0
10,19138,0.0,1.0,8.0,14.0,5.0,50.0,22.0,52.0,0.0,1.0,18.0,0.0,1.0,32.0,2.0,0.0,2.0,1.0,0.0,6.0,0.0,0.0,0.0,0.0,0.0,19.0,192.0,7.0,34.0,1.0,0.0,0.0
10,19139,2.0,1.0,16.0,46.0,25.0,98.0,48.0,100.0,3.0,0.0,19.0,0.0,3.0,48.0,19.0,0.0,4.0,5.0,0.0,0.0,0.0,0.0,0.0,4.0,0.0,56.0,99.0,345.0,53.0,0.0,0.0,0.0
10,19140,4.0,1.0,21.0,33.0,29.0,169.0,61.0,102.0,2.0,0.0,21.0,0.0,4.0,66.0,24.0,0.0,5.0,6.0,0.0,0.0,1.0,0.0,0.0,1.0,0.0,149.0,137.0,352.0,69.0,141.0,0.0,0.0
10,19141,0.0,1.0,10.0,20.0,13.0,74.0,35.0,68.0,0.0,0.0,23.0,0.0,1.0,27.0,5.0,0.0,0.0,3.0,0.0,0.0,1.0,0.0,0.0,0.0,0.0,37.0,67.0,121.0,130.0,0.0,0.0,0.0
10,19142,0.0,1.0,6.0,27.0,17.0,54.0,36.0,42.0,0.0,0.0,8.0,1.0,1.0,35.0,13.0,0.0,2.0,3.0,0.0,0.0,3.0,1.0,0.0,0.0,0.0,30.0,36.0,116.0,128.0,0.0,0.0,0.0
10,19143,2.0,6.0,15.0,41.0,23.0,83.0,79.0,95.0,3.0,1.0,26.0,0.0,3.0,68.0,11.0,0.0,1.0,2.0,0.0,0.0,2.0,0.0,0.0,3.0,0.0,58.0,90.0,97.0,164.0,171.0,0.0,0.0
10,19144,1.0,0.0,7.0,18.0,17.0,125.0,74.0,68.0,1.0,2.0,19.0,1.0,3.0,37.0,6.0,0.0,1.0,5.0,0.0,13.0,1.0,0.0,0.0,0.0,0.0,28.0,143.0,153.0,131.0,0.0,0.0,0.0
10,19145,2.0,0.0,14.0,17.0,16.0,109.0,37.0,38.0,2.0,0.0,23.0,1.0,3.0,28.0,5.0,0.0,2.0,2.0,0.0,0.0,3.0,0.0,0.0,0.0,0.0,11.0,158.0,119.0,36.0,0.0,0.0,0.0
10,19146,0.0,0.0,5.0,8.0,14.0,84.0,30.0,43.0,0.0,0.0,23.0,1.0,1.0,16.0,1.0,0.0,1.0,1.0,0.0,1.0,2.0,0.0,0.0,0.0,0.0,10.0,102.0,69.0,70.0,0.0,0.0,0.0
10,19147,1.0,1.0,8.0,13.0,9.0,86.0,35.0,19.0,0.0,0.0,8.0,1.0,0.0,16.0,1.0,0.0,1.0,0.0,0.0,0.0,1.0,0.0,0.0,2.0,0.0,6.0,106.0,36.0,66.0,0.0,0.0,0.0
10,19148,0.0,3.0,14.0,20.0,8.0,195.0,45.0,33.0,0.0,1.0,23.0,1.0,2.0,67.0,2.0,1.0,2.0,4.0,0.0,0.0,2.0,0.0,1.0,2.0,0.0,19.0,0.0,196.0,249.0,0.0,0.0,0.0
10,19149,0.0,1.0,30.0,17.0,7.0,121.0,39.0,45.0,2.0,0.0,21.0,3.0,2.0,36.0,3.0,0.0,0.0,5.0,0.0,0.0,1.0,1.0,0.0,0.0,0.0,24.0,135.0,82.0,141.0,0.0,0.0,0.0
10,19150,0.0,0.0,3.0,3.0,2.0,34.0,10.0,11.0,0.0,0.0,10.0,0.0,2.0,14.0,0.0,0.0,0.0,0.0,0.0,1.0,0.0,0.0,0.0,0.0,0.0,3.0,43.0,0.0,0.0,50.0,0.0,0.0
10,19151,0.0,0.0,6.0,16.0,7.0,40.0,34.0,58.0,1.0,1.0,7.0,0.0,2.0,47.0,1.0,0.0,2.0,1.0,0.0,0.0,0.0,0.0,0.0,0.0,0.0,28.0,170.0,77.0,4.0,0.0,0.0,0.0
10,19152,0.0,0.0,5.0,4.0,6.0,84.0,43.0,17.0,0.0,0.0,14.0,0.0,0.0,29.0,1.0,0.0,0.0,0.0,0.0,0.0,0.0,1.0,0.0,0.0,0.0,8.0,100.0,0.0,112.0,0.0,0.0,0.0
10,19153,1.0,1.0,3.0,4.0,6.0,61.0,13.0,28.0,0.0,0.0,16.0,2.0,5.0,17.0,1.0,0.0,0.0,0.0,0.0,1.0,2.0,0.0,0.0,3.0,0.0,7.0,108.0,0.0,13.0,0.0,50.0,0.0
10,19154,0.0,0.0,4.0,10.0,5.0,64.0,20.0,25.0,1.0,0.0,6.0,1.0,0.0,16.0,0.0,0.0,1.0,0.0,0.0,0.0,0.0,0.0,0.0,0.0,0.0,10.0,0.0,10.0,153.0,0.0,0.0,0.0
11,19102,0.0,0.0,0.0,1.0,0.0,4.0,0.0,0.0,0.0,0.0,0.0,0.0,0.0,0.0,0.0,0.0,0.0,0.0,0.0,0.0,0.0,0.0,0.0,0.0,0.0,3.0,6.0,2.0,0.0,0.0,0.0,0.0
11,19103,0.0,0.0,0.0,0.0,0.0,22.0,2.0,4.0,0.0,0.0,0.0,0.0,0.0,0.0,0.0,0.0,0.0,0.0,0.0,0.0,0.0,0.0,0.0,0.0,0.0,2.0,17.0,13.0,0.0,0.0,0.0,0.0
11,19104,0.0,0.0,3.0,2.0,2.0,17.0,4.0,8.0,0.0,0.0,4.0,0.0,1.0,7.0,2.0,0.0,1.0,1.0,0.0,0.0,0.0,0.0,0.0,0.0,0.0,23.0,40.0,14.0,21.0,0.0,0.0,0.0
11,19106,0.0,0.0,0.0,0.0,2.0,6.0,0.0,2.0,0.0,0.0,0.0,0.0,0.0,1.0,0.0,0.0,0.0,0.0,0.0,0.0,0.0,0.0,0.0,0.0,0.0,2.0,0.0,10.0,3.0,0.0,0.0,0.0
11,19107,0.0,0.0,1.0,2.0,2.0,22.0,1.0,4.0,0.0,0.0,1.0,0.0,0.0,3.0,0.0,0.0,0.0,0.0,0.0,0.0,0.0,0.0,0.0,1.0,0.0,2.0,3.0,12.0,24.0,0.0,0.0,0.0
11,19109,0.0,0.0,0.0,0.0,0.0,0.0,0.0,0.0,0.0,0.0,0.0,0.0,0.0,0.0,0.0,0.0,0.0,0.0,0.0,0.0,0.0,0.0,0.0,0.0,0.0,0.0,0.0,0.0,0.0,0.0,0.0,0.0
11,19110,0.0,0.0,0.0,0.0,0.0,0.0,0.0,0.0,0.0,0.0,0.0,0.0,0.0,0.0,0.0,0.0,0.0,0.0,0.0,0.0,0.0,0.0,0.0,0.0,0.0,0.0,0.0,0.0,0.0,0.0,0.0,0.0
11,19111,0.0,0.0,0.0,1.0,2.0,15.0,6.0,4.0,0.0,0.0,1.0,0.0,0.0,16.0,1.0,0.0,0.0,0.0,0.0,0.0,0.0,0.0,0.0,0.0,0.0,4.0,21.0,12.0,17.0,0.0,0.0,0.0
11,19112,0.0,0.0,0.0,0.0,0.0,1.0,0.0,0.0,0.0,0.0,0.0,0.0,0.0,0.0,0.0,0.0,0.0,0.0,0.0,0.0,0.0,0.0,0.0,0.0,0.0,0.0,0.0,1.0,0.0,0.0,0.0,0.0
11,19113,0.0,0.0,0.0,0.0,0.0,0.0,0.0,0.0,0.0,0.0,0.0,0.0,0.0,0.0,0.0,0.0,0.0,0.0,0.0,0.0,0.0,0.0,0.0,0.0,0.0,0.0,0.0,0.0,0.0,0.0,0.0,0.0
11,19114,0.0,0.0,0.0,1.0,2.0,20.0,3.0,4.0,0.0,0.0,3.0,0.0,0.0,2.0,0.0,0.0,1.0,0.0,0.0,0.0,0.0,0.0,0.0,0.0,0.0,0.0,1.0,34.0,1.0,0.0,0.0,0.0
11,19115,0.0,0.0,1.0,0.0,0.0,11.0,4.0,3.0,0.0,0.0,1.0,0.0,1.0,0.0,0.0,0.0,0.0,0.0,0.0,0.0,0.0,0.0,0.0,0.0,0.0,0.0,0.0,21.0,0.0,0.0,0.0,0.0
11,19116,0.0,0.0,0.0,0.0,0.0,3.0,5.0,1.0,0.0,0.0,1.0,0.0,0.0,5.0,0.0,0.0,0.0,0.0,0.0,0.0,0.0,0.0,0.0,0.0,0.0,0.0,0.0,0.0,15.0,0.0,0.0,0.0
11,19118,0.0,0.0,0.0,0.0,0.0,2.0,1.0,0.0,0.0,0.0,1.0,0.0,0.0,1.0,0.0,0.0,0.0,0.0,0.0,0.0,0.0,0.0,0.0,0.0,0.0,0.0,0.0,0.0,0.0,5.0,0.0,0.0
11,19119,0.0,0.0,0.0,1.0,0.0,7.0,0.0,2.0,0.0,0.0,3.0,0.0,0.0,3.0,1.0,0.0,0.0,0.0,0.0,0.0,0.0,0.0,0.0,0.0,0.0,0.0,2.0,4.0,7.0,4.0,0.0,0.0
11,19120,0.0,0.0,3.0,3.0,1.0,13.0,8.0,12.0,0.0,0.0,2.0,0.0,1.0,7.0,2.0,0.0,0.0,1.0,0.0,0.0,0.0,0.0,0.0,0.0,1.0,5.0,18.0,41.0,0.0,0.0,0.0,0.0
11,19121,0.0,0.0,1.0,5.0,2.0,15.0,2.0,11.0,1.0,0.0,1.0,0.0,0.0,9.0,3.0,0.0,1.0,0.0,0.0,0.0,0.0,0.0,0.0,0.0,0.0,2.0,5.0,16.0,12.0,20.0,0.0,0.0
11,19122,0.0,0.0,2.0,1.0,2.0,20.0,10.0,5.0,0.0,0.0,4.0,0.0,0.0,4.0,0.0,0.0,0.0,0.0,0.0,0.0,0.0,0.0,0.0,0.0,0.0,2.0,20.0,23.0,7.0,0.0,0.0,0.0
11,19123,0.0,0.0,2.0,1.0,1.0,16.0,6.0,4.0,0.0,0.0,2.0,1.0,0.0,1.0,0.0,0.0,0.0,1.0,0.0,0.0,0.0,0.0,0.0,0.0,0.0,5.0,23.0,11.0,6.0,0.0,0.0,0.0
11,19124,0.0,0.0,6.0,6.0,1.0,29.0,13.0,18.0,0.0,0.0,3.0,0.0,2.0,10.0,4.0,0.0,0.0,4.0,0.0,0.0,0.0,0.0,0.0,0.0,0.0,12.0,86.0,22.0,0.0,0.0,0.0,0.0
11,19125,0.0,0.0,1.0,1.0,3.0,9.0,4.0,3.0,0.0,0.0,0.0,0.0,1.0,3.0,0.0,0.0,0.0,1.0,0.0,0.0,1.0,0.0,0.0,0.0,0.0,3.0,0.0,1.0,29.0,0.0,0.0,0.0
11,19126,0.0,0.0,1.0,1.0,0.0,3.0,6.0,2.0,0.0,0.0,1.0,0.0,0.0,5.0,0.0,0.0,0.0,0.0,0.0,0.0,0.0,0.0,0.0,0.0,0.0,0.0,14.0,0.0,5.0,0.0,0.0,0.0
11,19127,0.0,0.0,0.0,0.0,1.0,3.0,0.0,0.0,0.0,0.0,0.0,0.0,0.0,2.0,0.0,0.0,0.0,0.0,0.0,0.0,1.0,0.0,0.0,0.0,0.0,0.0,4.0,3.0,0.0,0.0,0.0,0.0
11,19128,0.0,0.0,0.0,0.0,0.0,7.0,0.0,2.0,0.0,0.0,2.0,0.0,0.0,1.0,0.0,0.0,0.0,0.0,0.0,0.0,0.0,0.0,0.0,0.0,0.0,2.0,3.0,5.0,6.0,0.0,0.0,0.0
11,19129,0.0,0.0,0.0,0.0,0.0,4.0,1.0,4.0,0.0,0.0,3.0,0.0,2.0,2.0,0.0,0.0,0.0,0.0,0.0,0.0,0.0,0.0,0.0,0.0,0.0,0.0,16.0,0.0,0.0,0.0,0.0,0.0
11,19130,0.0,0.0,0.0,0.0,1.0,13.0,6.0,5.0,0.0,1.0,3.0,0.0,0.0,5.0,0.0,0.0,0.0,0.0,0.0,0.0,0.0,0.0,0.0,0.0,0.0,4.0,0.0,7.0,31.0,0.0,0.0,0.0
11,19131,0.0,0.0,0.0,4.0,1.0,12.0,5.0,19.0,2.0,0.0,3.0,0.0,0.0,9.0,0.0,0.0,2.0,1.0,0.0,1.0,0.0,0.0,0.0,0.0,0.0,0.0,3.0,31.0,25.0,0.0,0.0,0.0
11,19132,0.0,1.0,2.0,4.0,5.0,13.0,11.0,8.0,3.0,0.0,3.0,0.0,0.0,4.0,4.0,0.0,0.0,0.0,0.0,0.0,1.0,0.0,0.0,0.0,0.0,8.0,20.0,14.0,30.0,3.0,0.0,0.0
11,19133,0.0,0.0,5.0,8.0,3.0,12.0,6.0,5.0,0.0,0.0,1.0,0.0,1.0,7.0,2.0,0.0,0.0,3.0,0.0,0.0,0.0,0.0,0.0,0.0,0.0,3.0,32.0,3.0,9.0,12.0,0.0,0.0
11,19134,0.0,1.0,9.0,4.0,2.0,18.0,5.0,24.0,0.0,0.0,6.0,0.0,6.0,15.0,9.0,0.0,0.0,12.0,0.0,0.0,0.0,0.0,0.0,0.0,0.0,13.0,25.0,48.0,51.0,0.0,0.0,0.0
11,19135,0.0,0.0,1.0,2.0,4.0,17.0,6.0,8.0,1.0,0.0,1.0,0.0,1.0,6.0,1.0,0.0,1.0,0.0,0.0,0.0,1.0,0.0,0.0,0.0,0.0,4.0,0.0,36.0,18.0,0.0,0.0,0.0
11,19136,0.0,0.0,1.0,2.0,1.0,12.0,5.0,4.0,0.0,0.0,1.0,0.0,0.0,4.0,1.0,0.0,1.0,0.0,0.0,0.0,0.0,0.0,0.0,0.0,0.0,2.0,18.0,0.0,16.0,0.0,0.0,0.0
11,19137,0.0,0.0,0.0,1.0,0.0,6.0,4.0,1.0,0.0,0.0,1.0,0.0,0.0,1.0,0.0,0.0,0.0,0.0,0.0,0.0,0.0,0.0,0.0,0.0,0.0,1.0,12.0,0.0,3.0,0.0,0.0,0.0
11,19138,0.0,0.0,1.0,2.0,1.0,8.0,6.0,4.0,0.0,0.0,2.0,0.0,0.0,7.0,0.0,0.0,0.0,0.0,0.0,2.0,0.0,0.0,0.0,0.0,0.0,2.0,19.0,2.0,14.0,0.0,0.0,0.0
11,19139,0.0,0.0,3.0,6.0,3.0,20.0,6.0,16.0,0.0,1.0,1.0,0.0,0.0,4.0,2.0,0.0,1.0,1.0,0.0,0.0,1.0,0.0,0.0,0.0,0.0,8.0,15.0,52.0,6.0,0.0,0.0,0.0
11,19140,0.0,0.0,1.0,4.0,1.0,29.0,9.0,14.0,1.0,0.0,9.0,0.0,1.0,6.0,4.0,0.0,0.0,1.0,0.0,0.0,0.0,0.0,0.0,0.0,0.0,17.0,21.0,58.0,9.0,9.0,0.0,0.0
11,19141,0.0,0.0,2.0,4.0,1.0,6.0,2.0,10.0,0.0,0.0,5.0,0.0,1.0,4.0,0.0,0.0,0.0,0.0,0.0,0.0,0.0,0.0,0.0,0.0,0.0,1.0,5.0,13.0,18.0,0.0,0.0,0.0
11,19142,0.0,0.0,1.0,0.0,1.0,8.0,5.0,15.0,0.0,0.0,3.0,0.0,2.0,4.0,0.0,0.0,0.0,1.0,0.0,0.0,0.0,1.0,0.0,0.0,0.0,3.0,8.0,17.0,19.0,0.0,0.0,0.0
11,19143,0.0,0.0,2.0,8.0,6.0,9.0,16.0,14.0,2.0,0.0,4.0,0.0,0.0,11.0,3.0,0.0,0.0,0.0,0.0,0.0,1.0,0.0,0.0,0.0,0.0,12.0,16.0,13.0,28.0,31.0,0.0,0.0
11,19144,0.0,1.0,2.0,1.0,2.0,15.0,5.0,6.0,0.0,0.0,0.0,0.0,0.0,3.0,2.0,0.0,0.0,1.0,0.0,0.0,1.0,0.0,0.0,0.0,0.0,2.0,17.0,12.0,12.0,0.0,0.0,0.0
11,19145,0.0,0.0,5.0,3.0,3.0,13.0,11.0,8.0,0.0,0.0,1.0,0.0,0.0,6.0,1.0,0.0,0.0,1.0,0.0,0.0,0.0,0.0,0.0,0.0,0.0,6.0,38.0,12.0,8.0,0.0,0.0,0.0
11,19146,0.0,0.0,2.0,2.0,2.0,6.0,4.0,5.0,0.0,0.0,2.0,0.0,0.0,3.0,0.0,0.0,0.0,0.0,0.0,0.0,1.0,0.0,0.0,0.0,0.0,0.0,15.0,2.0,10.0,0.0,0.0,0.0
11,19147,0.0,0.0,6.0,0.0,2.0,14.0,5.0,1.0,0.0,0.0,4.0,0.0,0.0,4.0,0.0,0.0,0.0,0.0,0.0,0.0,0.0,0.0,0.0,0.0,0.0,2.0,19.0,3.0,16.0,0.0,0.0,0.0
11,19148,0.0,0.0,5.0,4.0,2.0,19.0,12.0,7.0,0.0,0.0,3.0,0.0,0.0,10.0,0.0,0.0,0.0,2.0,0.0,0.0,1.0,0.0,0.0,0.0,0.0,0.0,0.0,30.0,35.0,0.0,0.0,0.0
11,19149,0.0,1.0,4.0,2.0,3.0,29.0,7.0,15.0,0.0,0.0,5.0,0.0,0.0,10.0,1.0,0.0,0.0,0.0,0.0,0.0,0.0,0.0,0.0,0.0,0.0,2.0,33.0,21.0,25.0,0.0,0.0,0.0
11,19150,0.0,0.0,0.0,0.0,1.0,2.0,0.0,2.0,0.0,0.0,3.0,0.0,0.0,0.0,0.0,0.0,0.0,0.0,0.0,0.0,0.0,0.0,0.0,0.0,0.0,4.0,4.0,0.0,0.0,8.0,0.0,0.0
11,19151,0.0,0.0,0.0,0.0,1.0,9.0,5.0,5.0,0.0,0.0,3.0,0.0,0.0,4.0,1.0,0.0,0.0,0.0,0.0,0.0,0.0,0.0,0.0,0.0,0.0,2.0,24.0,5.0,1.0,0.0,0.0,0.0
11,19152,0.0,0.0,0.0,0.0,0.0,7.0,11.0,2.0,0.0,0.0,2.0,0.0,0.0,6.0,0.0,0.0,0.0,0.0,0.0,0.0,0.0,0.0,0.0,0.0,0.0,1.0,14.0,0.0,15.0,0.0,0.0,0.0
11,19153,0.0,0.0,0.0,1.0,0.0,6.0,0.0,5.0,0.0,0.0,1.0,0.0,1.0,3.0,0.0,0.0,0.0,0.0,0.0,0.0,0.0,0.0,0.0,0.0,0.0,0.0,11.0,0.0,0.0,0.0,6.0,0.0
11,19154,0.0,0.0,0.0,3.0,1.0,13.0,1.0,4.0,0.0,0.0,1.0,0.0,0.0,3.0,0.0,0.0,1.0,0.0,0.0,0.0,0.0,0.0,0.0,0.0,0.0,1.0,0.0,4.0,24.0,0.0,0.0,0.0
12,19102,0.0,0.0,0.0,0.0,0.0,0.0,1.0,1.0,0.0,0.0,0.0,0.0,0.0,0.0,0.0,0.0,0.0,0.0,0.0,0.0,0.0,0.0,0.0,0.0,0.0,0.0,0.0,2.0,0.0,0.0,0.0,21.0
12,19103,0.0,0.0,0.0,0.0,0.0,0.0,0.0,0.0,0.0,0.0,0.0,0.0,0.0,0.0,0.0,0.0,0.0,0.0,0.0,0.0,0.0,0.0,0.0,0.0,0.0,0.0,0.0,0.0,0.0,0.0,0.0,0.0
12,19104,0.0,0.0,0.0,1.0,0.0,0.0,0.0,1.0,0.0,0.0,0.0,0.0,0.0,1.0,0.0,0.0,0.0,0.0,0.0,0.0,0.0,0.0,0.0,0.0,0.0,1.0,2.0,1.0,1.0,0.0,0.0,21.5
12,19106,0.0,0.0,0.0,0.0,0.0,0.0,0.0,0.0,0.0,0.0,0.0,0.0,0.0,0.0,0.0,0.0,0.0,0.0,0.0,0.0,0.0,0.0,0.0,0.0,0.0,0.0,0.0,0.0,0.0,0.0,0.0,0.0
12,19107,0.0,0.0,0.0,0.0,0.0,1.0,0.0,0.0,0.0,0.0,0.0,0.0,0.0,0.0,0.0,0.0,0.0,0.0,0.0,0.0,0.0,0.0,0.0,0.0,0.0,0.0,0.0,0.0,1.0,0.0,0.0,19.0
12,19109,0.0,0.0,0.0,0.0,0.0,0.0,0.0,0.0,0.0,0.0,0.0,0.0,0.0,0.0,0.0,0.0,0.0,0.0,0.0,0.0,0.0,0.0,0.0,0.0,0.0,0.0,0.0,0.0,0.0,0.0,0.0,0.0
12,19110,0.0,0.0,0.0,0.0,0.0,0.0,0.0,0.0,0.0,0.0,0.0,0.0,0.0,0.0,0.0,0.0,0.0,0.0,0.0,0.0,0.0,0.0,0.0,0.0,0.0,0.0,0.0,0.0,0.0,0.0,0.0,0.0
12,19111,0.0,0.0,1.0,0.0,0.0,1.0,0.0,0.0,0.0,0.0,0.0,0.0,0.0,0.0,0.0,0.0,0.0,0.0,0.0,0.0,0.0,0.0,0.0,0.0,0.0,0.0,0.0,1.0,1.0,0.0,0.0,21.0
12,19112,0.0,0.0,0.0,0.0,0.0,0.0,0.0,0.0,0.0,0.0,0.0,0.0,0.0,0.0,0.0,0.0,0.0,0.0,0.0,0.0,0.0,0.0,0.0,0.0,0.0,0.0,0.0,0.0,0.0,0.0,0.0,0.0
12,19113,0.0,0.0,0.0,0.0,0.0,0.0,0.0,0.0,0.0,0.0,0.0,0.0,0.0,0.0,0.0,0.0,0.0,0.0,0.0,0.0,0.0,0.0,0.0,0.0,0.0,0.0,0.0,0.0,0.0,0.0,0.0,0.0
12,19114,0.0,0.0,0.0,0.0,0.0,0.0,0.0,0.0,0.0,0.0,0.0,0.0,0.0,0.0,0.0,0.0,0.0,0.0,0.0,0.0,0.0,0.0,0.0,0.0,0.0,4.0,0.0,4.0,0.0,0.0,0.0,23.0
12,19115,0.0,0.0,0.0,0.0,0.0,0.0,0.0,0.0,0.0,0.0,0.0,0.0,0.0,0.0,0.0,0.0,0.0,0.0,0.0,0.0,0.0,0.0,0.0,0.0,0.0,0.0,0.0,0.0,0.0,0.0,0.0,0.0
12,19116,0.0,0.0,0.0,0.0,0.0,0.0,0.0,0.0,0.0,0.0,0.0,0.0,0.0,0.0,0.0,0.0,0.0,0.0,0.0,0.0,0.0,0.0,0.0,0.0,0.0,0.0,0.0,0.0,0.0,0.0,0.0,0.0
12,19118,0.0,0.0,0.0,0.0,0.0,0.0,0.0,0.0,0.0,0.0,0.0,0.0,0.0,0.0,0.0,0.0,0.0,0.0,0.0,0.0,0.0,0.0,0.0,0.0,0.0,0.0,0.0,0.0,0.0,0.0,0.0,0.0
12,19119,0.0,0.0,0.0,0.0,0.0,0.0,0.0,0.0,0.0,0.0,0.0,0.0,0.0,0.0,0.0,0.0,0.0,0.0,0.0,0.0,0.0,0.0,0.0,0.0,0.0,0.0,0.0,0.0,0.0,0.0,0.0,0.0
12,19120,0.0,0.0,0.0,1.0,0.0,0.0,0.0,0.0,0.0,0.0,0.0,0.0,0.0,0.0,0.0,0.0,0.0,0.0,0.0,0.0,0.0,0.0,0.0,0.0,0.0,1.0,1.0,1.0,0.0,0.0,0.0,21.5
12,19121,0.0,0.0,0.0,0.0,0.0,0.0,0.0,1.0,0.0,0.0,0.0,0.0,0.0,0.0,0.0,0.0,0.0,0.0,0.0,0.0,0.0,0.0,0.0,0.0,0.0,0.0,0.0,0.0,1.0,0.0,0.0,21.0
12,19122,0.0,0.0,0.0,0.0,0.0,0.0,0.0,0.0,0.0,0.0,0.0,0.0,0.0,0.0,0.0,0.0,0.0,0.0,0.0,0.0,0.0,0.0,0.0,0.0,0.0,0.0,0.0,0.0,0.0,0.0,0.0,0.0
12,19123,0.0,0.0,0.0,0.0,0.0,1.0,0.0,0.0,0.0,0.0,0.0,0.0,0.0,0.0,0.0,0.0,0.0,0.0,0.0,0.0,0.0,0.0,0.0,0.0,0.0,0.0,0.0,1.0,0.0,0.0,0.0,23.0
12,19124,0.0,0.0,0.0,0.0,0.0,1.0,0.0,0.0,0.0,0.0,0.0,0.0,0.0,0.0,0.0,0.0,0.0,0.0,0.0,0.0,0.0,0.0,0.0,0.0,0.0,0.0,1.0,0.0,0.0,0.0,0.0,20.0
12,19125,0.0,0.0,0.0,0.0,0.0,0.0,0.0,0.0,0.0,0.0,0.0,0.0,0.0,0.0,0.0,0.0,0.0,0.0,0.0,0.0,0.0,0.0,0.0,0.0,0.0,0.0,0.0,0.0,0.0,0.0,0.0,0.0
12,19126,0.0,0.0,0.0,0.0,0.0,0.0,0.0,0.0,0.0,0.0,0.0,0.0,0.0,0.0,0.0,0.0,0.0,0.0,0.0,0.0,0.0,0.0,0.0,0.0,0.0,0.0,0.0,0.0,0.0,0.0,0.0,0.0
12,19127,0.0,0.0,0.0,0.0,0.0,0.0,0.0,0.0,0.0,0.0,0.0,0.0,0.0,0.0,0.0,0.0,0.0,0.0,0.0,0.0,0.0,0.0,0.0,0.0,0.0,0.0,0.0,0.0,0.0,0.0,0.0,0.0
12,19128,0.0,0.0,0.0,0.0,0.0,0.0,0.0,0.0,0.0,0.0,0.0,0.0,0.0,0.0,0.0,0.0,0.0,0.0,0.0,0.0,0.0,0.0,0.0,0.0,0.0,0.0,0.0,0.0,0.0,0.0,0.0,0.0
12,19129,0.0,0.0,1.0,0.0,0.0,0.0,0.0,0.0,0.0,0.0,0.0,0.0,0.0,0.0,0.0,0.0,0.0,0.0,0.0,0.0,0.0,0.0,0.0,0.0,0.0,0.0,0.0,1.0,0.0,0.0,0.0,22.0
12,19130,0.0,0.0,0.0,0.0,0.0,0.0,0.0,0.0,0.0,0.0,0.0,0.0,0.0,0.0,0.0,0.0,0.0,0.0,0.0,0.0,0.0,0.0,0.0,0.0,0.0,0.0,0.0,0.0,0.0,0.0,0.0,0.0
12,19131,0.0,0.0,0.0,0.0,1.0,0.0,0.0,1.0,0.0,0.0,0.0,0.0,0.0,0.0,0.0,0.0,0.0,0.0,0.0,0.0,0.0,0.0,0.0,0.0,0.0,0.0,0.0,1.0,1.0,0.0,0.0,19.0
12,19132,0.0,0.0,0.0,0.0,0.0,1.0,0.0,1.0,0.0,0.0,0.0,0.0,0.0,0.0,0.0,0.0,0.0,0.0,0.0,0.0,0.0,0.0,0.0,0.0,0.0,0.0,1.0,0.0,1.0,0.0,0.0,20.0
12,19133,0.0,0.0,0.0,0.0,0.0,1.0,0.0,0.0,0.0,0.0,0.0,0.0,0.0,0.0,0.0,0.0,0.0,0.0,0.0,0.0,0.0,0.0,0.0,0.0,0.0,0.0,0.0,0.0,1.0,0.0,0.0,20.0
12,19134,0.0,0.0,0.0,0.0,0.0,1.0,0.0,0.0,0.0,0.0,0.0,0.0,0.0,0.0,1.0,0.0,0.0,0.0,0.0,0.0,0.0,0.0,0.0,0.0,0.0,0.0,1.0,1.0,0.0,0.0,0.0,20.0
12,19135,0.0,0.0,0.0,0.0,0.0,3.0,0.0,0.0,0.0,0.0,0.0,0.0,0.0,0.0,0.0,0.0,0.0,0.0,0.0,0.0,0.0,0.0,0.0,0.0,0.0,0.0,0.0,2.0,1.0,0.0,0.0,20.0
12,19136,0.0,0.0,0.0,0.0,0.0,0.0,0.0,0.0,0.0,0.0,0.0,0.0,0.0,2.0,0.0,0.0,0.0,0.0,0.0,0.0,0.0,0.0,0.0,0.0,0.0,0.0,0.0,0.0,2.0,0.0,0.0,22.5
12,19137,0.0,0.0,0.0,0.0,0.0,0.0,0.0,0.0,0.0,0.0,0.0,0.0,0.0,0.0,0.0,0.0,0.0,0.0,0.0,0.0,0.0,0.0,0.0,0.0,0.0,0.0,0.0,0.0,0.0,0.0,0.0,0.0
12,19138,0.0,0.0,0.0,0.0,0.0,0.0,0.0,0.0,0.0,0.0,0.0,0.0,1.0,0.0,0.0,0.0,0.0,0.0,0.0,0.0,0.0,0.0,0.0,0.0,0.0,0.0,1.0,0.0,0.0,0.0,0.0,19.0
12,19139,0.0,0.0,0.0,0.0,0.0,0.0,0.0,0.0,0.0,0.0,0.0,0.0,0.0,0.0,0.0,0.0,0.0,0.0,0.0,0.0,0.0,0.0,0.0,0.0,0.0,1.0,0.0,1.0,0.0,0.0,0.0,21.0
12,19140,0.0,0.0,0.0,0.0,0.0,0.0,0.0,1.0,0.0,0.0,0.0,0.0,0.0,1.0,0.0,0.0,0.0,0.0,0.0,0.0,0.0,0.0,0.0,0.0,0.0,1.0,0.0,2.0,0.0,1.0,0.0,21.666666666666668
12,19141,0.0,0.0,0.0,0.0,0.0,2.0,0.0,0.0,0.0,0.0,0.0,0.0,0.0,0.0,0.0,0.0,0.0,0.0,0.0,0.0,0.0,0.0,0.0,0.0,0.0,2.0,0.0,4.0,0.0,0.0,0.0,21.5
12,19142,0.0,0.0,0.0,0.0,0.0,0.0,0.0,0.0,0.0,0.0,0.0,0.0,0.0,1.0,0.0,0.0,0.0,0.0,0.0,0.0,0.0,0.0,0.0,0.0,0.0,0.0,0.0,0.0,1.0,0.0,0.0,21.0
12,19143,0.0,0.0,0.0,0.0,0.0,0.0,1.0,1.0,0.0,0.0,0.0,0.0,1.0,0.0,0.0,0.0,0.0,0.0,0.0,0.0,0.0,0.0,0.0,0.0,0.0,0.0,1.0,1.0,0.0,1.0,0.0,20.666666666666668
12,19144,0.0,0.0,0.0,0.0,0.0,1.0,0.0,0.0,0.0,0.0,0.0,0.0,0.0,0.0,0.0,0.0,0.0,1.0,0.0,0.0,0.0,0.0,0.0,0.0,0.0,0.0,0.0,2.0,0.0,0.0,0.0,21.5
12,19145,0.0,0.0,0.0,0.0,0.0,0.0,0.0,0.0,0.0,0.0,0.0,0.0,0.0,1.0,0.0,0.0,0.0,0.0,0.0,0.0,0.0,0.0,0.0,0.0,0.0,0.0,1.0,0.0,0.0,0.0,0.0,23.0
12,19146,0.0,0.0,0.0,0.0,0.0,0.0,0.0,1.0,0.0,0.0,0.0,0.0,0.0,0.0,0.0,0.0,0.0,0.0,0.0,0.0,0.0,0.0,0.0,0.0,0.0,0.0,0.0,0.0,1.0,0.0,0.0,21.0
12,19147,0.0,0.0,0.0,0.0,0.0,1.0,0.0,1.0,0.0,0.0,0.0,0.0,0.0,0.0,0.0,0.0,0.0,0.0,0.0,0.0,0.0,0.0,0.0,0.0,0.0,0.0,2.0,0.0,0.0,0.0,0.0,20.0
12,19148,0.0,0.0,0.0,0.0,0.0,0.0,0.0,0.0,0.0,0.0,0.0,0.0,0.0,0.0,0.0,0.0,0.0,0.0,0.0,0.0,0.0,0.0,0.0,0.0,0.0,1.0,0.0,1.0,0.0,0.0,0.0,19.0
12,19149,0.0,0.0,0.0,0.0,0.0,0.0,1.0,0.0,0.0,0.0,0.0,0.0,0.0,0.0,0.0,0.0,0.0,0.0,0.0,0.0,0.0,0.0,0.0,0.0,0.0,0.0,1.0,0.0,0.0,0.0,0.0,21.0
12,19150,0.0,0.0,0.0,0.0,0.0,1.0,0.0,0.0,0.0,0.0,0.0,0.0,0.0,0.0,0.0,0.0,0.0,0.0,0.0,0.0,0.0,0.0,0.0,0.0,0.0,0.0,0.0,0.0,0.0,1.0,0.0,19.0
12,19151,0.0,0.0,0.0,0.0,0.0,1.0,0.0,0.0,0.0,0.0,0.0,0.0,0.0,0.0,0.0,0.0,0.0,0.0,0.0,0.0,0.0,0.0,0.0,0.0,0.0,0.0,1.0,0.0,0.0,0.0,0.0,22.0
12,19152,0.0,0.0,0.0,0.0,1.0,0.0,0.0,0.0,0.0,0.0,0.0,0.0,0.0,0.0,0.0,0.0,0.0,0.0,0.0,0.0,0.0,0.0,0.0,0.0,0.0,0.0,1.0,0.0,0.0,0.0,0.0,19.0
12,19153,0.0,0.0,0.0,0.0,0.0,0.0,0.0,0.0,0.0,0.0,0.0,0.0,0.0,0.0,0.0,0.0,0.0,0.0,0.0,0.0,0.0,0.0,0.0,0.0,0.0,0.0,0.0,0.0,0.0,0.0,0.0,0.0
12,19154,0.0,0.0,0.0,0.0,0.0,0.0,0.0,0.0,0.0,0.0,0.0,0.0,0.0,1.0,0.0,0.0,0.0,0.0,0.0,0.0,0.0,0.0,0.0,0.0,0.0,0.0,0.0,0.0,1.0,0.0,0.0,22.0
