the_geom,cartodb_id,the_geom_webmercator,objectid,dc_dist,psa,dispatch_date_time,dispatch_date,dispatch_time,hour,dc_key,location_block,ucr_general,text_general_code,point_x,point_y,lat,lng,zipcode
0101000020E61000007B66EEC667C652C05B6E7A61FC034440,3152506,0101000020110F0000E2CC5BC729E45FC1B2204A1B51945241,24350756,2,1,2025-01-10 17:58:00+00,2025-01-10,12:58:00,12,202502001409.0,4600 BLOCK E ROOSEVELT BLVD,600,Thefts,-75.10008405,40.03113955,40.03113955,-75.10008405,19124
0101000020E6100000076F7ADDC3CE52C0A7AEDFC022F14340,3154835,0101000020110F00003C7A06EF5CF25FC1407EBE566E7F5241,24350441,77,A,2025-01-10 18:07:00+00,2025-01-10,13:07:00,13,202577000347.0,0 BLOCK PIA WAY,600,Thefts,-75.23070466,39.88387309,39.88387309,-75.23070466,19153
0101000020E6100000CC6DB1915AC952C0BEDBBC7152F64340,3154877,0101000020110F0000792B75DE2BE95FC13938E9432C855241,24350537,3,2,2025-01-10 15:12:00+00,2025-01-10,10:12:00,10,202503001240.0,0 BLOCK MIFFLIN ST,600,Thefts,-75.1461529,39.924391,39.924391,-75.1461529,19148
0101000020E6100000221EE4501AC252C0DD3E71210B054440,3155356,0101000020110F0000A1A413D6DADC5FC191A400707D955241,24350664,15,3,2025-01-10 13:16:00+00,2025-01-10,08:16:00,8,202515002345.0,7700 BLOCK FRANKFORD AV,600,Thefts,-75.03285621,40.03940218,40.03940218,-75.0328562,19136
0101000020E61000003FE2BAD69CC052C0595A1D6B0C0D4440,3155786,0101000020110F000083EADCDB52DA5FC1F946BACD5F9E5241,24350741,7,3,2025-01-10 15:26:00+00,2025-01-10,10:26:00,10,202507000837.0,11000 BLOCK E ROOSEVELT BLVD,600,Thefts,-75.00957268,40.10194148,40.10194148,-75.00957268,19116
0101000020E61000003FE2BAD69CC052C0595A1D6B0C0D4440,3156557,0101000020110F000083EADCDB52DA5FC1F946BACD5F9E5241,24350742,7,3,2025-01-10 15:26:00+00,2025-01-10,10:26:00,10,202507000838.0,11000 BLOCK E ROOSEVELT BLVD,600,Thefts,-75.00957268,40.10194148,40.10194148,-75.00957268,19116
0101000020E61000006D8AAEA894C752C00C978F8316FD4340,3157462,0101000020110F0000E9CD58DB28E65FC1C7022C33AB8C5241,24350856,26,3,2025-01-10 15:31:00+00,2025-01-10,10:31:00,10,202526001441.0,2500 BLOCK ARAMINGO AV,600,Thefts,-75.11844842,39.97724957,39.97724957,-75.11844842,19134
0101000020E6100000B39C009A33C652C038B3651258024440,3158219,0101000020110F00009A554527D1E35FC19AC4CFF27E925241,24350894,15,1,2025-01-10 14:17:00+00,2025-01-10,09:17:00,9,202515002351.0,4500 BLOCK CASTOR AV,600,Thefts,-75.09689951,40.01831274,40.01831274,-75.09689951,19124
0101000020E6100000DB3E9AA03CC952C02FD516E824FF4340,3160026,0101000020110F000073B18702F9E85FC1CDAB3AADF28E5241,24351429,25,4,2025-01-10 16:51:00+00,2025-01-10,11:51:00,11,202525002013.0,700 BLOCK W LEHIGH AV,400,Aggravated Assault Firearm,-75.1443254,39.9933138,39.9933138,-75.1443254,19140
0101000020E6100000514874C749C952C0922DE47406054440,3160269,0101000020110F0000086B77590FE95FC1365DA44078955241,24351243,35,3,2025-01-10 18:29:00+00,2025-01-10,13:29:00,13,202535002394.0,5600 BLOCK N BROAD ST,600,Thefts,-75.14512812,40.03925954,40.03925954,-75.14512812,19141
0101000020E610000052A9A7C92BC652C0713814BA22024440,3160630,0101000020110F00008AB87AE1C3E35FC16C8367CA43925241,24351218,15,1,2025-01-10 13:53:00+00,2025-01-10,08:53:00,8,202515002346.0,4500 BLOCK CASTOR AV,600,Thefts,-75.09642259,40.01668478,40.01668478,-75.09642259,19124
0101000020E610000018601F9D7AC152C091EE4A3F9F094440,3161734,0101000020110F0000BFBEE190CBDB5FC18597F008929A5241,24351187,8,2,2025-01-10 17:03:00+00,2025-01-10,12:03:00,12,202508001047.0,2600 BLOCK GRANT AV,600,Thefts,-75.02310874,40.07517234,40.07517234,-75.02310875,19114
0101000020E61000006F238E0AD6CE52C0AE65110E66F64340,3171534,0101000020110F000053A9BECE7BF25FC1C1D8BCFB41855241,24351798,12,3,2025-01-10 17:21:00+00,2025-01-10,12:21:00,12,202512002341.0,6400 BLOCK PASCHALL AV,300,Robbery Firearm,-75.23181404,39.92498947,39.92498947,-75.23181404,19142
0101000020E610000045DD83E750CE52C089B065223A054440,3200258,0101000020110F0000047945A999F15FC1253F9494B1955241,24352850,5,2,2025-01-10 18:46:00+00,2025-01-10,13:46:00,13,202505000443.0,6700 BLOCK RIDGE AV,600,Thefts,-75.22368801,40.04083662,40.04083662,-75.22368801,19427
0101000020E61000003706B6AD9AC552C01551B8C34B014440,3201140,0101000020110F00002162F565CDE25FC12E95356B55915241,24352587,15,1,2025-01-10 15:24:00+00,2025-01-10,10:24:00,10,202515002367.0,4200 BLOCK PAUL ST,600,Theft from Vehicle,-75.08756583,40.01012465,40.01012465,-75.08756583,19124
0101000020E61000005B8882D7B6C352C034304D6C99034440,3207477,0101000020110F0000C7BA8B8D97DF5FC15D9CA258E3935241,24353056,15,2,2025-01-10 18:17:00+00,2025-01-10,13:17:00,13,202515002404.0,6300 BLOCK FRANKFORD AV,600,Thefts,-75.05803478,40.0281196,40.0281196,-75.05803478,19149
0101000020E610000025BF8FB425CB52C0055B1DE753F44340,3214837,0101000020110F000062B10DC237EC5FC1D1A434EDF6825241,24353492,1,2,2025-01-10 15:16:00+00,2025-01-10,10:16:00,10,202501000760.0,3300 BLOCK S BROAD ST,600,Thefts,-75.17417635,39.90881051,39.90881051,-75.17417635,19145
0101000020E610000082A75680ABCB52C04846395E22FD4340,3217822,0101000020110F0000E8B524061BED5FC187FD8956B88C5241,24353894,22,4,2025-01-10 18:47:00+00,2025-01-10,13:47:00,13,202522002059.0,1400 BLOCK N Dover St,600,Theft from Vehicle,-75.18234261,39.97761133,39.97761133,-75.18234261,19121
0101000020E6100000A8C59E4508C952C0D438062A04014440,3298998,0101000020110F0000B0423714A0E85FC13DAFB30606915241,24354125,25,4,2025-01-10 17:59:00+00,2025-01-10,12:59:00,12,202525002019.0,W ERIE AV & N FRANKLIN ST,600,Theft from Vehicle,-75.14112988,40.00793958,40.00793958,-75.14112988,19140
0101000020E61000002BC9F08E42C652C0BD5B5131EBFE4340,3299867,0101000020110F0000EC8D1B8FEAE35FC1844482B2B28E5241,24354576,24,3,2025-01-10 13:50:00+00,2025-01-10,08:50:00,8,202524002806.0,3500 BLOCK CEDAR ST,600,Thefts,-75.09781239,39.99155251,39.99155251,-75.0978124,19134
0101000020E6100000EABE524C14CA52C05C0510C2CCF94340,3301095,0101000020110F00000A8C315967EA5FC15F55177206895241,24354383,9,4,2025-01-10 14:21:00+00,2025-01-10,09:21:00,9,202509003788.0,1000 BLOCK MARKET ST,600,Thefts,-75.1574889,39.95156122,39.95156122,-75.1574889,19107
0101000020E6100000DF56385164C552C09001D17A95094440,3301879,0101000020110F00002FF3650F71E25FC16730A731879A5241,24353910,2,3,2025-01-10 16:22:00+00,2025-01-10,11:22:00,11,202502001397.0,7900 BLOCK OXFORD AV,600,Thefts,-75.08424788,40.07487426,40.07487426,-75.08424788,19111
0101000020E61000001AE725B5C6CB52C0317667927DFD4340,3302048,0101000020110F00000DC4923C49ED5FC1F0504F6C1D8D5241,24354224,22,4,2025-01-10 17:46:00+00,2025-01-10,12:46:00,12,202522002042.0,3000 BLOCK W OXFORD ST,600,Thefts,-75.18400315,39.98039465,39.98039465,-75.18400315,19121
0101000020E61000001BF2CF0C62CA52C0609C1108E8FB4340,3302055,0101000020110F0000F79EF86AEBEA5FC19CCA27FA5B8B5241,24354292,9,1,2025-01-10 16:50:00+00,2025-01-10,11:50:00,11,202509003862.0,1500 BLOCK BROWN ST,600,Thefts,-75.1622345,39.96801854,39.96801854,-75.1622345,19130
0101000020E61000006CDA5A99CFC952C0FD2446E84AFC4340,3302172,0101000020110F0000EB44F5A7F2E95FC1F821D98CC98B5241,24354468,22,3,2025-01-10 14:22:00+00,2025-01-10,09:22:00,9,202522002011.0,1000 BLOCK W GIRARD AV,600,Thefts,-75.15329584,39.97103599,39.97103599,-75.15329584,19123
0101000020E6100000B3EDB435E2C952C0A799071373FB4340,3304049,0101000020110F0000906BB04412EA5FC1A1E7705FDA8A5241,24355646,9,2,2025-01-10 16:40:00+00,2025-01-10,11:40:00,11,202509003870.0,1000 BLOCK WALLACE ST,600,Thefts,-75.15443175,39.96444929,39.96444929,-75.15443175,19130
0101000020E6100000B10E2EBA48C452C015DB8B0591014440,3305151,0101000020110F0000117C9F5A8FE05FC117D42E37A2915241,24354946,15,2,2025-01-10 16:08:00+00,2025-01-10,11:08:00,11,202515002376.0,5500 BLOCK TULIP ST,600,Thefts,-75.06693892,40.01223821,40.01223821,-75.06693892,19124
0101000020E61000003DE79756FDCA52C00E23ADC6CCF94340,3305193,0101000020110F00005DCAC430F3EB5FC180E3337706895241,24355092,9,3,2025-01-10 14:48:00+00,2025-01-10,09:48:00,9,202509003796.0,1800 BLOCK CHESTNUT ST,600,Thefts,-75.17171254,39.95156177,39.95156177,-75.17171254,19103
0101000020E6100000B67F86B3F2CA52C0A99CBCE912FA4340,3305531,0101000020110F0000C61C5D1FE1EB5FC1D07AE02B54895241,24355101,9,3,2025-01-10 18:29:00+00,2025-01-10,13:29:00,13,202509003906.0,1800 BLOCK MARKET ST,600,Thefts,-75.17106331,39.95370218,39.95370218,-75.17106331,19103
0101000020E610000099AE7147C9CE52C0A54BFF92D4FF4340,3306056,0101000020110F0000E04A3A2166F25FC11920C76CB58F5241,24354652,19,3,2025-01-10 16:44:00+00,2025-01-10,11:44:00,11,202519002283.0,5000 BLOCK CITY AV,600,Thefts,-75.2310351,39.99867475,39.99867475,-75.2310351,19131
0101000020E610000099AE7147C9CE52C0A54BFF92D4FF4340,3306058,0101000020110F0000E04A3A2166F25FC11920C76CB58F5241,24354653,19,3,2025-01-10 17:36:00+00,2025-01-10,12:36:00,12,202519002286.0,5000 BLOCK CITY AV,600,Thefts,-75.2310351,39.99867475,39.99867475,-75.2310351,19131
0101000020E61000002D3F7095E7C852C0BE05444E80FC4340,3306424,0101000020110F00009560048E68E85FC1E2274ABA048C5241,24354797,26,2,2025-01-10 14:09:00+00,2025-01-10,09:09:00,9,202526001425.0,1400 BLOCK N 2nd St,600,Theft from Vehicle,-75.13913475,39.97266558,39.97266558,-75.13913475,19122
0101000020E61000007883C366DBC252C063DE36953D0B4440,3307947,0101000020110F0000E580B0CF22DE5FC1BCBD7AF35D9C5241,24355558,7,2,2025-01-10 16:54:00+00,2025-01-10,11:54:00,11,202507000855.0,9300 BLOCK KREWSTOWN RD,600,Thefts,-75.0446412,40.08781686,40.08781686,-75.0446412,19115
0101000020E610000024F74BF6D5CD52C0A3F034F4AA024440,3309155,0101000020110F000016C8D7D4C8F05FC1246261DDDA925241,24355227,5,1,2025-01-10 18:34:00+00,2025-01-10,13:34:00,13,202505000442.0,4000 BLOCK MAIN ST,600,Thefts,-75.21618421,40.0208421,40.0208421,-75.21618421,19127
0101000020E61000001DD6A75EEFCA52C0DE28CB73F1014440,3309501,0101000020110F0000ABB7AD76DBEB5FC1D7F2E5250D925241,24356457,39,1,2025-01-10 15:11:00+00,2025-01-10,10:11:00,10,202539002210.0,2600 BLOCK DEACON ST,400,Aggravated Assault No Firearm,-75.17085997,40.01518104,40.01518104,-75.17085997,19129
0101000020E610000002A21EAA42C952C07C77AF8318FC4340,3310039,0101000020110F00004216BF4303E95FC1CE1969B4918B5241,24356115,26,2,2025-01-10 16:36:00+00,2025-01-10,11:36:00,11,202526001447.0,1000 BLOCK N 5TH ST,600,Thefts,-75.14469388,39.96949812,39.96949812,-75.14469388,19122
0101000020E610000099EF856E5BCB52C019F518FEB6FC4340,3311392,0101000020110F0000A39B8A0493EC5FC12C96A455418C5241,24356288,22,4,2025-01-10 17:08:00+00,2025-01-10,12:08:00,12,202522002037.0,2500 BLOCK N COLLEGE AV,400,Aggravated Assault Firearm,-75.17745555,39.97433449,39.97433449,-75.17745555,19121
0101000020E610000062CB9F2D2FCE52C0E77AB2CD53F94340,3313851,0101000020110F0000B326BD5F60F15FC1EB28AE7180885241,24355735,12,4,2025-01-10 15:22:00+00,2025-01-10,10:22:00,10,202512002326.0,4900 BLOCK BALTIMORE AV,600,Thefts,-75.22162953,39.94786998,39.94786998,-75.22162953,19143
0101000020E6100000624F96B568CC52C01491822358FA4340,3313917,0101000020110F0000A435AF695CEE5FC14C01B3DEA0895241,24356091,18,3,2025-01-10 14:58:00+00,2025-01-10,09:58:00,9,202518001471.0,3500 BLOCK MARKET ST,300,Robbery Firearm,-75.19389095,39.95581478,39.95581478,-75.19389095,19104
0101000020E6100000EC2962A6E7CB52C0A70726B3D1FC4340,3314168,0101000020110F0000EBB1453181ED5FC1813AF6EE5E8C5241,24355738,22,4,2025-01-10 15:04:00+00,2025-01-10,10:04:00,10,202522002028.0,3000 BLOCK W GIRARD AV,200,Rape,-75.18601379,39.97514953,39.97514953,-75.18601379,19130
0101000020E61000001654F1D2CFCE52C08C8AB464C0F54340,3314528,0101000020110F0000F40F3B3F71F25FC12A867E868A845241,24357618,12,3,2025-01-10 14:18:00+00,2025-01-10,09:18:00,9,202512002318.0,2500 BLOCK SHIELDS ST,600,Thefts,-75.23143457,39.91993388,39.91993388,-75.23143457,19142
0101000020E610000072F096F52CC952C09EF794D63EFA4340,3314561,0101000020110F00002BC66B65DEE85FC194B985D684895241,24356871,9,5,2025-01-10 16:00:00+00,2025-01-10,11:00:00,10,202509003832.0,200 BLOCK NEW ST,600,Theft from Vehicle,-75.1433691,39.95504267,39.95504267,-75.1433691,19106
0101000020E6100000B0CD632011CB52C0832E23ED2D064440,3315267,0101000020110F00008DA788CD14EC5FC10D127F0BC0965241,24357007,14,2,2025-01-10 17:09:00+00,2025-01-10,12:09:00,12,202514002288.0,500 BLOCK E TULPEHOCKEN ST,500,Burglary Residential,-75.17292032,40.04827656,40.04827656,-75.17292032,19144
0101000020E6100000B98B515362C552C0EB6EE00663034440,3315589,0101000020110F0000B47747AD6DE25FC11BD99403A7935241,24357017,15,1,2025-01-10 17:32:00+00,2025-01-10,12:32:00,12,202515002400.0,5200 BLOCK HORROCKS ST,500,Burglary Residential,-75.08412631,40.02645956,40.02645956,-75.08412631,19149
0101000020E610000072D7F954E1CE52C06B1ED14E97FC4340,3316572,0101000020110F00008D4B6AFC8EF25FC18A3C3F381E8C5241,24357042,19,2,2025-01-10 18:24:00+00,2025-01-10,13:24:00,13,202519002297.0,5500 BLOCK MASTER ST,600,Thefts,-75.23250317,39.97336755,39.97336755,-75.23250317,19151
0101000020E6100000FC656280A5CB52C0C9E3AB15D4054440,3318202,0101000020110F0000D9B62BD510ED5FC1A7BFD85E5C965241,24357070,14,2,2025-01-10 18:58:00+00,2025-01-10,13:58:00,13,202514002303.0,6300 BLOCK GERMANTOWN AV,600,Thefts,-75.18197641,40.04553482,40.04553481,-75.18197641,19119
0101000020E61000000A6B21D0B2C152C0B2C13E1176074440,3318482,0101000020110F000010A1A9062BDC5FC19B5A2E222C985241,24356922,8,1,2025-01-10 15:36:00+00,2025-01-10,10:36:00,10,202508001038.0,2900 BLOCK JENNY PL,600,Theft from Vehicle,-75.02653888,40.05829063,40.05829063,-75.02653888,19136
0101000020E6100000EC6AF29495CD52C0E090BA5BE1FB4340,3318503,0101000020110F00003C9D9C795BF05FC1AD930995548B5241,24356975,16,2,2025-01-10 14:27:00+00,2025-01-10,09:27:00,9,202516001469.0,4400 BLOCK PARRISH ST,400,Aggravated Assault Firearm,-75.21225475,39.96781489,39.96781489,-75.21225475,19139
0101000020E6100000B9AC5F3C85C952C0012CB840FEF64340,3319118,0101000020110F000046DBBA5774E95FC1772B0F8BEA855241,24356859,3,2,2025-01-10 14:48:00+00,2025-01-10,09:48:00,9,202503001244.0,200 BLOCK WILDER ST,600,Thefts,-75.14875707,39.92963418,39.92963418,-75.14875707,19147
0101000020E61000003C7349B468CE52C0842880DE2BFB4340,3321578,0101000020110F00007E197516C2F15FC1AA1C9E788B8A5241,24358412,19,2,2025-01-10 13:17:00+00,2025-01-10,08:17:00,8,202519002247.0,100 BLOCK N WILTON ST,300,Robbery No Firearm,-75.22514064,39.96227628,39.96227628,-75.22514064,19139
0101000020E61000008324814006C852C095797103BAFC4340,3323941,0101000020110F000030195ACEE9E65FC13673B7AE448C5241,24357849,26,3,2025-01-10 18:35:00+00,2025-01-10,13:35:00,13,202526001460.0,800 BLOCK ALMOND ST,600,Thefts,-75.12538159,39.97442668,39.97442668,-75.12538159,19125
0101000020E6100000CB2F200727CA52C0CDC96A3ED7024440,3323988,0101000020110F000033E9A52987EA5FC1BFAAD2FB0B935241,24358112,39,2,2025-01-10 15:02:00+00,2025-01-10,10:02:00,10,202539002214.0,4400 BLOCK GERMANTOWN AV,400,Aggravated Assault No Firearm,-75.15863207,40.02219372,40.02219372,-75.15863207,19140
0101000020E61000009254AE09CCC752C0FEC36D9F9B014440,3324741,0101000020110F0000691768EC86E65FC1877990F8AD915241,24361367,25,2,2025-01-10 18:36:00+00,2025-01-10,13:36:00,13,202525002025.0,300 BLOCK E HUNTING PARK AV,1700,Other Sex Offenses (Not Commercialized),-75.12182848,40.01256173,40.01256173,-75.12182848,19124
0101000020E61000009254AE09CCC752C0FEC36D9F9B014440,3324742,0101000020110F0000691768EC86E65FC1877990F8AD915241,24361368,25,2,2025-01-10 18:36:00+00,2025-01-10,13:36:00,13,202525002026.0,300 BLOCK E HUNTING PARK AV,1700,Other Sex Offenses (Not Commercialized),-75.12182848,40.01256173,40.01256173,-75.12182848,19124
0101000020E61000009254AE09CCC752C0FEC36D9F9B014440,3324750,0101000020110F0000691768EC86E65FC1877990F8AD915241,24361369,25,2,2025-01-10 18:36:00+00,2025-01-10,13:36:00,13,202525002027.0,300 BLOCK E HUNTING PARK AV,1700,Other Sex Offenses (Not Commercialized),-75.12182848,40.01256173,40.01256173,-75.12182848,19124
0101000020E61000009254AE09CCC752C0FEC36D9F9B014440,3324752,0101000020110F0000691768EC86E65FC1877990F8AD915241,24361370,25,2,2025-01-10 18:36:00+00,2025-01-10,13:36:00,13,202525002028.0,300 BLOCK E HUNTING PARK AV,1700,Other Sex Offenses (Not Commercialized),-75.12182848,40.01256173,40.01256173,-75.12182848,19124
0101000020E6100000E67CCA9483CD52C0292FA657D2F54340,3325000,0101000020110F000085F431E63CF05FC1CE71E3669E845241,24361219,12,3,2025-01-10 16:45:00+00,2025-01-10,11:45:00,11,202512002338.0,3100 BLOCK S 61ST ST,1300,Receiving Stolen Property,-75.21115608,39.92048164,39.92048164,-75.21115608,19153
0101000020E61000002EB5F70C95CB52C0037C544FA8F54340,3325137,0101000020110F000093D5A7E3F4EC5FC1D59315DB6F845241,24359958,1,1,2025-01-10 15:35:00+00,2025-01-10,10:35:00,10,202501000761.0,2000 BLOCK SHUNK ST,600,Thefts,-75.18097233,39.91919891,39.91919891,-75.18097233,19145
0101000020E6100000F2BE9E6D7DCE52C08C2C785510FD4340,3326547,0101000020110F00004D86194AE5F15FC14A85B859A48C5241,24360130,19,2,2025-01-10 18:29:00+00,2025-01-10,13:29:00,13,202519002303.0,5100 BLOCK LANCASTER AV,300,Robbery Firearm,-75.22640553,39.97706097,39.97706097,-75.22640553,19131
0101000020E61000009A13AC5859CD52C052158D94B1024440,3326982,0101000020110F0000F42DB928F5EF5FC1D153AA36E2925241,24361562,5,1,2025-01-10 14:33:00+00,2025-01-10,09:33:00,9,202505000433.0,5300 BLOCK RIDGE AV,800,Other Assaults,-75.20857827,40.02104432,40.02104432,-75.20857827,19127
0101000020E61000006CEC12D55BCA52C0EBE2361AC0FF4340,3327122,0101000020110F00005D4E3EDBE0EA5FC1C21F8DBA9E8F5241,24360314,39,3,2025-01-10 17:20:00+00,2025-01-10,12:20:00,12,202539002243.0,N 19TH ST & W CAMBRIA ST,400,Aggravated Assault No Firearm,-75.161855,39.99805,39.99805,-75.161855,19132
0101000020E61000006268757286C752C0C79E3D97A9054440,3327785,0101000020110F0000996E75B710E65FC19D202E3A2D965241,24361008,35,1,2025-01-10 17:27:00+00,2025-01-10,12:27:00,12,202535002378.0,100 BLOCK E GODFREY AV 1401,600,Thefts,-75.117581,40.044238,40.044238,-75.117581,19120
0101000020E6100000DBC7A753E0C952C03F4F873E6DFF4340,3328710,0101000020110F0000C75BE0110FEA5FC18662A0DE428F5241,24361483,39,3,2025-01-10 17:27:00+00,2025-01-10,12:27:00,12,202539002241.0,1400 BLOCK W SOMERSET ST,800,Other Assaults,-75.15431682,39.99552137,39.99552137,-75.15431682,19132
0101000020E6100000654757A7D2CA52C00F73D57E63F64340,3329058,0101000020110F00001419BBAFAAEB5FC12F7716263F855241,24364741,3,3,2025-01-10 16:43:00+00,2025-01-10,11:43:00,11,202503001253.0,2000 BLOCK S BROAD ST,1100,Fraud,-75.16910728,39.92491136,39.92491136,-75.16910728,19148
0101000020E610000053AC9EBC5DC352C0CB5EDF1CE80B4440,3329334,0101000020110F0000F41EF43200DF5FC1828DFE431B9D5241,24362181,7,2,2025-01-10 16:04:00+00,2025-01-10,11:04:00,11,202507000847.0,8800 BLOCK VERREE RD,800,Other Assaults,-75.05259624,40.09302102,40.09302102,-75.05259624,19115
0101000020E6100000C4E55F68C1C952C0D8772C539F014440,3329384,0101000020110F000058B8F98CDAE95FC129D28113B2915241,24362708,39,2,2025-01-10 18:38:00+00,2025-01-10,13:38:00,13,202539002256.0,3900 BLOCK GERMANTOWN AV,800,Other Assaults,-75.15242967,40.01267471,40.01267471,-75.15242967,19140
0101000020E6100000EFD73253F9CD52C05F28FD105DFB4340,3329433,0101000020110F000030921BE604F15FC1D34F5BFCC18A5241,24363266,16,2,2025-01-10 18:58:00+00,2025-01-10,13:58:00,13,202516001501.0,4900 BLOCK FAIRMOUNT AV,1400,Vandalism/Criminal Mischief,-75.21834259,39.96377766,39.96377766,-75.21834259,19139
0101000020E6100000A972D2E269CB52C0CDA02D29EF014440,3329466,0101000020110F00002C16DF91ABEC5FC16230629B0A925241,24363668,39,1,2025-01-10 14:55:00+00,2025-01-10,09:55:00,9,202539002206.0,2900 BLOCK W ABBOTTSFORD AV,800,Other Assaults,-75.17833777,40.01511111,40.01511111,-75.17833777,19129
0101000020E6100000FC8F2B7925C752C00BED9C6601FF4340,3329487,0101000020110F0000A24835FF6BE55FC14B19F350CB8E5241,24363991,24,2,2025-01-10 15:40:00+00,2025-01-10,10:40:00,10,202524002825.0,2000 BLOCK E LIPPINCOTT ST,800,Other Assaults,-75.11166219,39.99223025,39.99223025,-75.11166219,19134
0101000020E61000003E038F1436CB52C05DAA0CC2E0FD4340,3329524,0101000020110F00009E1B959253EC5FC14FA4225C8B8D5241,24364366,22,2,2025-01-10 14:20:00+00,2025-01-10,09:20:00,9,202522002010.0,1800 BLOCK N 25TH ST A,1400,Vandalism/Criminal Mischief,-75.1751758,39.98342157,39.98342157,-75.1751758,19121
0101000020E6100000649A02FCC7CB52C00D12CBFB72FF4340,3329533,0101000020110F0000C80FC8674BED5FC19164783B498F5241,24364372,22,2,2025-01-10 14:08:00+00,2025-01-10,09:08:00,9,202522002007.0,3200 BLOCK W SERGEANT ST,1300,Receiving Stolen Property,-75.18408108,39.99569652,39.99569652,-75.18408108,19132
0101000020E610000024933A9EA2CA52C0578FA09D78004440,3329647,0101000020110F00000C35D91759EB5FC14A484E4C6B905241,24362721,39,3,2025-01-10 17:18:00+00,2025-01-10,12:18:00,12,202539002239.0,2200 BLOCK W ALLEGHENY AV,1100,Fraud,-75.16617542,40.0036809,40.0036809,-75.16617542,19132
0101000020E6100000C4DE38E72FC852C0CEF3F11A85FC4340,3329956,0101000020110F000071080D8E30E75FC13A42F60B0A8C5241,24363491,26,3,2025-01-10 15:46:00+00,2025-01-10,10:46:00,10,202526001439.0,1300 BLOCK E MONTGOMERY AV,2600,All Other Offenses,-75.12792378,39.97281205,39.97281205,-75.12792378,19125
0101000020E610000023F30A3C5EC752C0C6466AEB71054440,3330148,0101000020110F0000FE835B69CCE55FC142F75F77EF955241,24362729,35,1,2025-01-10 14:44:00+00,2025-01-10,09:44:00,9,202535002346.0,6000 BLOCK CRESCENTVILLE RD,1400,Vandalism/Criminal Mischief,-75.11512662,40.04253905,40.04253905,-75.11512662,19120
0101000020E6100000411FD91A99CE52C093E04F8526FB4340,3330294,0101000020110F0000FB8E124D14F25FC1D11E768B858A5241,24364399,19,2,2025-01-10 17:46:00+00,2025-01-10,12:46:00,12,202519002292.0,100 BLOCK N 54th St,1400,Vandalism/Criminal Mischief,-75.22809478,39.96211306,39.96211306,-75.22809478,19131
0101000020E6100000B10E2EBA48C452C015DB8B0591014440,3330567,0101000020110F0000117C9F5A8FE05FC117D42E37A2915241,24364606,15,2,2025-01-10 16:50:00+00,2025-01-10,11:50:00,11,202515002390.0,5500 BLOCK TULIP ST,1500,Weapon Violations,-75.06693892,40.01223821,40.01223821,-75.06693892,19124
0101000020E6100000564686C952C952C079BAA937D9034440,3330942,0101000020110F000097148FA61EE95FC14EC0A71A2A945241,24363147,35,2,2025-01-10 14:45:00+00,2025-01-10,09:45:00,9,202535002344.0,1300 BLOCK WINDRIM AV,1100,Fraud,-75.14567793,40.03006645,40.03006645,-75.14567793,19141
0101000020E61000003456306494CA52C0F4A46D7851074440,3330954,0101000020110F0000A71F7AED40EB5FC18304578603985241,24363338,14,1,2025-01-10 17:24:00+00,2025-01-10,12:24:00,12,202514002293.0,6200 BLOCK CRITTENDEN ST,800,Other Assaults,-75.16530709,40.05717378,40.05717378,-75.16530709,19138
0101000020E610000019E6A14277C452C059C3C1B545074440,3331130,0101000020110F0000164F1F65DEE05FC1EE90AB79F6975241,24362262,2,3,2025-01-10 17:41:00+00,2025-01-10,12:41:00,12,202502001414.0,1600 BLOCK COTTMAN AV,800,Other Assaults,-75.06977908,40.05681488,40.05681488,-75.06977907,19111
0101000020E61000009EA7CF48A3CD52C038A3E6ABE4FB4340,3331136,0101000020110F0000917612C072F05FC199F9F240588B5241,24362431,16,2,2025-01-10 18:38:00+00,2025-01-10,13:38:00,13,202516001496.0,4500 BLOCK PARRISH ST,800,Other Assaults,-75.21309109,39.967916,39.967916,-75.21309109,19139
0101000020E6100000C6B7A08CABC352C068F7BBE2EF014440,3331193,0101000020110F0000B178175F84DF5FC11FE226690B925241,24362976,15,2,2025-01-10 16:11:00+00,2025-01-10,11:11:00,11,202515002378.0,5900 BLOCK KEYSTONE ST,800,Other Assaults,-75.05734554,40.01513323,40.01513323,-75.05734554,19135
0101000020E61000002ED42F4B5ACC52C0D03A1536A4014440,3331297,0101000020110F00007C092BED43EE5FC19DB1A07EB7915241,24364266,39,1,2025-01-10 16:51:00+00,2025-01-10,11:51:00,11,202539002230.0,3600 BLOCK MIDVALE AV,1100,Fraud,-75.19301109,40.01282383,40.01282383,-75.19301109,19129
0101000020E6100000B2DADBB141C952C00C0DDD4FBA044440,3331377,0101000020110F00006EE60C9E01E95FC150C7FCC823955241,24362267,35,2,2025-01-10 17:36:00+00,2025-01-10,12:36:00,12,202535002383.0,5500 BLOCK OLD YORK RD,800,Other Assaults,-75.14463469,40.03693579,40.03693579,-75.14463469,19141
0101000020E6100000B2DADBB141C952C00C0DDD4FBA044440,3331378,0101000020110F00006EE60C9E01E95FC150C7FCC823955241,24362268,35,2,2025-01-10 15:47:00+00,2025-01-10,10:47:00,10,202535002351.0,5500 BLOCK OLD YORK RD,800,Other Assaults,-75.14463469,40.03693579,40.03693579,-75.14463469,19141
0101000020E6100000706A988894C152C0493757079F0D4440,3331895,0101000020110F0000956DE697F7DB5FC119DDB698029F5241,24362286,7,3,2025-01-10 18:58:00+00,2025-01-10,13:58:00,13,202507000868.0,10100 BLOCK BUSTLETON AV,800,Other Assaults,-75.02469077,40.10641567,40.10641567,-75.02469077,19116
0101000020E6100000BB692BDD3AC852C0882658356B024440,3332065,0101000020110F0000DE273C2C43E75FC190ADAB2B94925241,24364488,25,2,2025-01-10 13:50:00+00,2025-01-10,08:50:00,8,202525001975.0,200 BLOCK W WINGOHOCKING ST,1400,Vandalism/Criminal Mischief,-75.12859277,40.01889674,40.01889674,-75.12859277,19140
0101000020E61000001C354F430ECF52C0F75A8E5F11F64340,3332129,0101000020110F00004E3B494EDBF25FC1B848F333E4845241,24362128,12,3,2025-01-10 17:43:00+00,2025-01-10,12:43:00,12,202512002342.0,2400 BLOCK S 67TH ST,800,Other Assaults,-75.23524554,39.92240519,39.92240519,-75.23524554,19142
0101000020E610000025E7C41E5AC752C0FCD4A168D8024440,3332450,0101000020110F0000E528446CC5E55FC1936F8E460D935241,24363027,25,2,2025-01-10 18:09:00+00,2025-01-10,13:09:00,13,202525002021.0,4800 BLOCK BINGHAM ST,1100,Fraud,-75.1148755,40.02222927,40.02222927,-75.1148755,19120
0101000020E6100000D60FFB4EDDC352C0DB5582A453064440,3332884,0101000020110F0000C14777E4D8DF5FC123BAE8E3E9965241,24362330,2,3,2025-01-10 14:43:00+00,2025-01-10,09:43:00,9,202502001389.0,2200 BLOCK COTTMAN AV,1300,Receiving Stolen Property,-75.0603826,40.04942757,40.04942757,-75.0603826,19152
0101000020E6100000C3C2623720C352C0C4B923EFDE044440,3332942,0101000020110F00000F764BB397DE5FC14C6AE8684C955241,24363058,15,3,2025-01-10 15:20:00+00,2025-01-10,10:20:00,10,202515002372.0,3200 BLOCK FRIENDSHIP ST,800,Other Assaults,-75.04884133,40.03805341,40.03805341,-75.04884133,19149
0101000020E61000005EA21741E5C752C059BA48C2BAFC4340,3333017,0101000020110F0000038792C1B1E65FC16F2A3882458C5241,24363978,26,3,2025-01-10 14:01:00+00,2025-01-10,09:01:00,9,202526001420.0,2200 BLOCK E THOMPSON ST,2600,All Other Offenses,-75.12336757,39.97444943,39.97444943,-75.12336757,19125
0101000020E6100000249F91E7FEC452C05020AAF8D8014440,3333288,0101000020110F0000E3CEEBCCC4E15FC13CF22100F2915241,24365009,15,1,2025-01-10 14:16:00+00,2025-01-10,09:16:00,9,202515002347.0,4700 BLOCK TACKAWANNA PL,800,Other Assaults,-75.07805814,40.01443394,40.01443394,-75.07805814,19124
0101000020E6100000F30D9E6C77C652C07E358B400A014440,3333308,0101000020110F0000476B6B5B44E45FC1C218CFC60C915241,24365500,24,1,2025-01-10 17:03:00+00,2025-01-10,12:03:00,12,202524002845.0,4000 BLOCK GLENDALE ST,2600,All Other Offenses,-75.10103908,40.00812537,40.00812537,-75.10103908,19124
0101000020E61000006B070A59E9CE52C084B5739214FB4340,3333362,0101000020110F00009E150D9A9CF25FC1193510A8718A5241,24367104,19,2,2025-01-10 14:26:00+00,2025-01-10,09:26:00,9,202519002255.0,0 BLOCK N 56TH ST,800,Other Assaults,-75.23299242,39.96156531,39.96156531,-75.23299242,19139
0101000020E610000029EE578536CB52C0F6AF72891FF64340,3333633,0101000020110F0000F8A9285254EC5FC197245EE3F3845241,24368305,1,1,2025-01-10 18:47:00+00,2025-01-10,13:47:00,13,202501000783.0,2200 BLOCK S 17TH ST,800,Other Assaults,-75.17520269,39.92283743,39.92283743,-75.17520269,19145
0101000020E6100000FEF0F3DF83CC52C03EDD690029FA4340,3333697,0101000020110F000069DB5F8E8AEE5FC1BAA7E7A46C895241,24365804,18,3,2025-01-10 15:55:00+00,2025-01-10,10:55:00,10,202518001476.0,3600 BLOCK CHESTNUT ST,1400,Vandalism/Criminal Mischief,-75.195549,39.95437627,39.95437627,-75.195549,19104
0101000020E6100000BBA3D66669CA52C077E018D980FF4340,3333731,0101000020110F0000662FC8E7F7EA5FC10F6B499A588F5241,24366603,39,3,2025-01-10 13:52:00+00,2025-01-10,08:52:00,8,202539002192.0,2700 BLOCK N GARNET ST,1100,Fraud,-75.16268321,39.99611963,39.99611963,-75.16268321,19132
0101000020E6100000C9B2DCA9EBCF52C0A9A7EA7912FD4340,3333803,0101000020110F0000A6E4826053F45FC1742692B9A68C5241,24368093,19,1,2025-01-10 13:53:00+00,2025-01-10,08:53:00,8,202519002246.0,900 BLOCK MARLYN RD,1400,Vandalism/Criminal Mischief,-75.24875876,39.97712635,39.97712635,-75.24875876,19151
0101000020E6100000B899E17197C952C03EF1D6D8A9FB4340,3333831,0101000020110F000002FFC44593E95FC1B5C14811178B5241,24368557,9,2,2025-01-10 17:27:00+00,2025-01-10,12:27:00,12,202509003890.0,800 BLOCK N FRANKLIN ST,800,Other Assaults,-75.14986846,39.96612082,39.96612082,-75.14986846,19122
0101000020E6100000FA8D7E4DF9C452C096690B3A670A4440,3333834,0101000020110F0000F1550049BBE15FC1EFEAD400709B5241,24368560,7,1,2025-01-10 15:33:00+00,2025-01-10,10:33:00,10,202507000840.0,8300 BLOCK JEANES ST,800,Other Assaults,-75.07771623,40.08127523,40.08127523,-75.07771623,19111
0101000020E61000009B1CC221E9C752C03BED42D6C7FF4340,3334410,0101000020110F00009C20B757B8E65FC1548BBC4DA78F5241,24364840,25,3,2025-01-10 14:48:00+00,2025-01-10,09:48:00,9,202525001989.0,300 BLOCK E ALLEGHENY AV,800,Other Assaults,-75.12360424,39.99828604,39.99828604,-75.12360424,19134
0101000020E6100000195E628FBDCA52C074B237A57AFC4340,3334465,0101000020110F00009F6C5CDB86EB5FC1B14B6674FE8B5241,24366121,22,3,2025-01-10 15:58:00+00,2025-01-10,10:58:00,10,202522002036.0,1900 BLOCK W GIRARD AV,1700,Other Sex Offenses (Not Commercialized),-75.16781983,39.97249284,39.97249284,-75.16781983,19130
0101000020E6100000BE405AADDDCE52C0B4F87F9B66F94340,3334545,0101000020110F0000D62B2AC788F25FC16A259D4695885241,24367927,18,2,2025-01-10 14:47:00+00,2025-01-10,09:47:00,9,202518001461.0,5400 BLOCK NORFOLK ST,2600,All Other Offenses,-75.23228011,39.94844383,39.94844383,-75.2322801,19143
0101000020E61000004D45F0E063CC52C089658E4097F64340,3334714,0101000020110F00002AC21C3554EE5FC18380DF7778855241,24367708,1,1,2025-01-10 16:41:00+00,2025-01-10,11:41:00,11,202501000771.0,2800 BLOCK WINTON ST,2600,All Other Offenses,-75.19359611,39.92649085,39.92649085,-75.19359611,19145
0101000020E6100000D5D9A061B7CB52C0AA81E6736EFD4340,3334885,0101000020110F00002D8914342FED5FC15E1165AA0C8D5241,24367490,22,4,2025-01-10 16:25:00+00,2025-01-10,11:25:00,11,202522002029.0,1500 BLOCK N HOLLYWOOD ST,2600,All Other Offenses,-75.18306771,39.97993325,39.97993325,-75.18306771,19121
0101000020E61000003024CC5984C152C00A0D48EB3D054440,3334949,0101000020110F0000ACDFF01ADCDB5FC1168B68C7B5955241,24368189,8,1,2025-01-10 15:21:00+00,2025-01-10,10:21:00,10,202508001040.0,4200 BLOCK WELSH CT,1100,Fraud,-75.02370305,40.04095212,40.04095212,-75.02370305,19136
0101000020E61000009BE33F51D7C452C06B8B630BDE024440,3335089,0101000020110F00007592C28E81E15FC1C294A38613935241,24367511,15,2,2025-01-10 15:19:00+00,2025-01-10,10:19:00,10,202515002370.0,1600 BLOCK BRIDGE ST,800,Other Assaults,-75.07564193,40.02240126,40.02240126,-75.07564193,19149
0101000020E6100000E12CC2A04EC952C0763CA04BBCFF4340,3335097,0101000020110F0000295AF29517E95FC160D312829A8F5241,24367731,25,4,2025-01-10 15:38:00+00,2025-01-10,10:38:00,10,202525001993.0,3000 BLOCK N PERCY ST,800,Other Assaults,-75.14542407,39.99793382,39.99793382,-75.14542407,19133
0101000020E61000002EE6E78626C252C0CD42B76E35044440,3335147,0101000020110F00002E69ED93EFDC5FC1356D766390945241,24368410,15,3,2025-01-10 16:19:00+00,2025-01-10,11:19:00,11,202515002385.0,4500 BLOCK BLEIGH AV,800,Other Assaults,-75.0336015,40.03288063,40.03288063,-75.0336015,19136
0101000020E61000004DEC67D222CE52C04ABEC8BAEE024440,3335182,0101000020110F000017C2B1624BF15FC11570D50726935241,24365168,5,1,2025-01-10 13:04:00+00,2025-01-10,08:04:00,8,202505000424.0,0 BLOCK LOCK ST,1400,Vandalism/Criminal Mischief,-75.22087536,40.02291045,40.02291045,-75.22087536,19127
0101000020E6100000A872DA53F2C852C0540AD35AC5054440,3335312,0101000020110F0000EF9CDFCD7AE85FC1106065074C965241,24367982,35,1,2025-01-10 14:14:00+00,2025-01-10,09:14:00,9,202535002337.0,6000 BLOCK N 12TH ST,1400,Vandalism/Criminal Mischief,-75.1397905,40.04508529,40.04508529,-75.1397905,19141
0101000020E6100000016E92F6F1C752C043F418A37D054440,3335320,0101000020110F0000265BEF57C7E65FC19A682777FC955241,24368224,35,1,2025-01-10 17:01:00+00,2025-01-10,12:01:00,12,202535002372.0,6000 BLOCK N 2ND ST,800,Other Assaults,-75.12414326,40.04289664,40.04289664,-75.12414326,19126
0101000020E61000005C142453D1CF52C0AD250D03D0F94340,3335490,0101000020110F0000BB2552A326F45FC1AE33F50C0A895241,24367995,18,1,2025-01-10 17:35:00+00,2025-01-10,12:35:00,12,202518001489.0,6200 BLOCK CATHARINE ST,1100,Fraud,-75.24715117,39.95166052,39.95166052,-75.24715117,19143
0101000020E6100000D64CC64A2FC952C0D918E898FB044440,3335561,0101000020110F0000AAC0CC5BE2E85FC1CE22C1346C955241,24365710,35,1,2025-01-10 17:08:00+00,2025-01-10,12:08:00,12,202535002375.0,5600 BLOCK N PARK AV,1400,Vandalism/Criminal Mischief,-75.14351149,40.03892814,40.03892814,-75.14351148,19141
0101000020E61000000EB874ED47C852C0280D14FCDF024440,3335707,0101000020110F00009285D75C59E75FC168B77DAD15935241,24365208,25,2,2025-01-10 14:35:00+00,2025-01-10,09:35:00,9,202525001981.0,200 BLOCK W WYOMING AV,1100,Fraud,-75.12939011,40.02246047,40.02246047,-75.12939011,19120
0101000020E610000072EEE158B8CB52C09578062E0BF74340,3335722,0101000020110F000022FF10D830ED5FC1D31F44DCF8855241,24365451,17,3,2025-01-10 17:34:00+00,2025-01-10,12:34:00,12,202517000886.0,2200 BLOCK MOORE ST,1400,Vandalism/Criminal Mischief,-75.18312666,39.93002868,39.93002868,-75.18312666,19145
0101000020E6100000F830FF115BCB52C04AEF972657FF4340,3335739,0101000020110F0000E349606792EC5FC1E73F6E602A8F5241,24365979,22,2,2025-01-10 17:05:00+00,2025-01-10,12:05:00,12,202522002034.0,2500 BLOCK N 28TH ST,800,Other Assaults,-75.17743349,39.99484713,39.99484713,-75.17743349,19132
0101000020E610000025975A4A71C952C0086DFFEBD8064440,3335838,0101000020110F00006B30A47652E95FC1554F25C47D975241,24368025,35,3,2025-01-10 13:35:00+00,2025-01-10,08:35:00,8,202535002333.0,6500 BLOCK N BOUVIER ST,1100,Fraud,-75.1475397,40.05349493,40.05349493,-75.1475397,19126
0101000020E61000003362D13A8BCC52C07D2CB7930C084440,3335903,0101000020110F000068319C0C97EE5FC101913626D3985241,24365467,14,4,2025-01-10 18:22:00+00,2025-01-10,13:22:00,13,202514002302.0,7500 BLOCK GERMANTOWN AV,1700,Other Sex Offenses (Not Commercialized),-75.19599791,40.06288382,40.06288382,-75.19599791,19118
0101000020E610000057883700D5CB52C0C8BC44AB49094440,3336071,0101000020110F00000FB7DE8361ED5FC117D0900D339A5241,24370408,14,4,2025-01-10 15:29:00+00,2025-01-10,10:29:00,10,202514002271.0,900 BLOCK MC PHERSON ST,800,Other Assaults,-75.18487553,40.0725607,40.0725607,-75.18487554,19118
0101000020E6100000318F043349C552C067CF4CCDF1014440,3336118,0101000020110F0000FF7D5EFF42E25FC14A9227890D925241,24372092,15,1,2025-01-10 17:35:00+00,2025-01-10,12:35:00,12,202515002396.0,1600 BLOCK MEADOW ST,700,Motor Vehicle Theft,-75.08259273,40.01519171,40.01519171,-75.08259273,19124
0101000020E61000008898D89D2AC352C041CEC154AF0A4440,3336234,0101000020110F00002662C05DA9DE5FC1EDC56D0AC09B5241,24372115,7,2,2025-01-10 13:51:00+00,2025-01-10,08:51:00,8,202507000833.0,8900 BLOCK KREWSTOWN RD,700,Motor Vehicle Theft,-75.04947611,40.08347568,40.08347568,-75.04947611,19115
0101000020E6100000ED0125CB2AC452C0CAD7AF856A034440,3336239,0101000020110F0000DBB22F825CE05FC18E05C353AF935241,24372121,15,2,2025-01-10 16:51:00+00,2025-01-10,11:51:00,11,202515002399.0,4000 BLOCK BENNER ST,700,Motor Vehicle Theft,-75.06511191,40.0266883,40.0266883,-75.06511191,19135
0101000020E6100000B7495E000ECB52C072050C79A1F64340,3336345,0101000020110F000089E09D7E0FEC5FC127ED9EC983855241,24372430,1,1,2025-01-10 15:16:00+00,2025-01-10,10:16:00,10,202501000762.0,1900 BLOCK S 16TH ST,700,Motor Vehicle Theft,-75.17272958,39.92680276,39.92680276,-75.17272958,19145
0101000020E6100000EBA65A2CC1CE52C025EFB99F15F94340,3336389,0101000020110F000014857A5C58F25FC16755668F3B885241,24369147,12,4,2025-01-10 13:02:00+00,2025-01-10,08:02:00,8,202512002313.0,5300 BLOCK THOMAS AV,800,Other Assaults,-75.23054036,39.94597241,39.94597241,-75.23054036,19143
0101000020E610000067C458E8BBCC52C0463CE13ED5FB4340,3336447,0101000020110F0000A156C5BBE9EE5FC12ED1CE28478B5241,24372156,16,1,2025-01-10 14:10:00+00,2025-01-10,09:10:00,9,202516001463.0,3800 BLOCK FOLSOM ST,700,Motor Vehicle Theft,-75.19896897,39.96744524,39.96744524,-75.19896897,19104
0101000020E61000009A26E806B5C152C0EF0BE014730F4440,3336448,0101000020110F00001EA263C92EDC5FC11E5459620AA15241,24372157,7,3,2025-01-10 16:41:00+00,2025-01-10,11:41:00,11,202507000858.0,400 BLOCK RENNARD ST,700,Motor Vehicle Theft,-75.02667401,40.12069951,40.12069951,-75.02667401,19116
0101000020E6100000224254C8B2C352C07E12C8BA72044440,3336565,0101000020110F0000D78964A890DF5FC176039C61D4945241,24372176,15,3,2025-01-10 17:20:00+00,2025-01-10,12:20:00,12,202515002394.0,6700 BLOCK BATTERSBY ST,700,Motor Vehicle Theft,-75.05778702,40.03475127,40.03475127,-75.05778702,19149
0101000020E6100000D0F0660D5EC952C0EE015F7674044440,3337051,0101000020110F0000AC7E1DC931E95FC1C208A94DD6945241,24370252,35,3,2025-01-10 18:11:00+00,2025-01-10,13:11:00,13,202535002391.0,5300 BLOCK N CARLISLE ST,800,Other Assaults,-75.1463655,40.03480415,40.03480415,-75.1463655,19141
0101000020E61000007CB5A33847C352C0FC6EBA6587084440,3337085,0101000020110F0000CBC340F4D9DE5FC131CE8B725B995241,24371953,7,1,2025-01-10 15:13:00+00,2025-01-10,10:13:00,10,202507000835.0,2100 BLOCK STRAHLE ST 731,1100,Fraud,-75.051222,40.066632,40.066632,-75.051222,19152
0101000020E6100000632B685A62C752C0D2E3F736FDFF4340,3337091,0101000020110F00001D134D68D3E55FC145DB5C7BE28F5241,24371956,25,3,2025-01-10 16:19:00+00,2025-01-10,11:19:00,11,202525002018.0,700 BLOCK E ONTARIO ST 1STFLR,2600,All Other Offenses,-75.115378,39.999915,39.999915,-75.115378,19134
0101000020E6100000F8EDFBA2CAC852C0F5722BC671FD4340,3337134,0101000020110F0000375A9D6237E85FC1DE2DCC58108D5241,24368928,26,2,2025-01-10 17:55:00+00,2025-01-10,12:55:00,12,202526001456.0,1900 BLOCK N 2ND ST,800,Other Assaults,-75.13736796,39.98003461,39.98003461,-75.13736796,19122
0101000020E61000007CB5A33847C352C0FC6EBA6587084440,3337193,0101000020110F0000CBC340F4D9DE5FC131CE8B725B995241,24371958,7,1,2025-01-10 16:30:00+00,2025-01-10,11:30:00,11,202507000849.0,2100 BLOCK STRAHLE ST 227,1100,Fraud,-75.051222,40.066632,40.066632,-75.051222,19152
0101000020E610000026C3F17C06CD52C0C4245CC823FC4340,3337196,0101000020110F0000831D786A68EF5FC1F31C2E319E8B5241,24371961,16,1,2025-01-10 14:46:00+00,2025-01-10,09:46:00,9,202516001468.0,800 BLOCK N 40TH ST 502,1400,Vandalism/Criminal Mischief,-75.203521,39.969842,39.969842,-75.203521,19104
0101000020E61000002831003B54CC52C077EADB93D1014440,3337203,0101000020110F00004BB59FA039EE5FC16DDE2BCDE9915241,24371974,39,1,2025-01-10 13:50:00+00,2025-01-10,08:50:00,8,202539002198.0,3500 BLOCK CALUMET ST,700,Motor Vehicle Theft,-75.19264102,40.0142083,40.0142083,-75.19264102,19129
0101000020E6100000B626E50791C352C0BDDD37633D024440,3337380,0101000020110F000060FFBE5357DF5FC156BE365B61925241,24370310,15,2,2025-01-10 15:16:00+00,2025-01-10,10:16:00,10,202515002371.0,6100 BLOCK EDMUND ST,800,Other Assaults,-75.05572698,40.0174984,40.0174984,-75.05572698,19135
0101000020E61000005CFAC023A4C452C03D13F5DD08004440,3337382,0101000020110F000052178DA02AE15FC1304E8E66EF8F5241,24370324,15,1,2025-01-10 18:38:00+00,2025-01-10,13:38:00,13,202515002411.0,2600 BLOCK LEFEVRE ST,800,Other Assaults,-75.07251829,40.0002706,40.0002706,-75.07251829,19137
0101000020E6100000B665C0594ACA52C048F949B54FF94340,3337392,0101000020110F0000383F7529C3EA5FC19F2537E87B885241,24370996,9,4,2025-01-10 15:51:00+00,2025-01-10,10:51:00,10,202509003836.0,S 12TH ST & LOCUST ST,800,Other Assaults,-75.160788,39.947745,39.947745,-75.160788,19109
0101000020E6100000A10F96B1A1C852C0E3FA777DE6FE4340,3337424,0101000020110F000088D2E7D6F1E75FC1B30DFD7BAD8E5241,24372017,25,3,2025-01-10 15:58:00+00,2025-01-10,10:58:00,10,202525002005.0,N 2ND ST & W LEHIGH AV,700,Motor Vehicle Theft,-75.134869,39.991409,39.991409,-75.134869,19133
0101000020E61000001B37A926D0C952C016757B838EF64340,3337431,0101000020110F00003510FB97F3E95FC17F6856CA6E855241,24372320,3,2,2025-01-10 18:05:00+00,2025-01-10,13:05:00,13,202503001256.0,400 BLOCK MOORE ST,700,Motor Vehicle Theft,-75.15332953,39.92622417,39.92622417,-75.15332953,19148
0101000020E6100000505CA7F400C952C013185F722B014440,3337503,0101000020110F0000123BCBA693E85FC17D52659531915241,24370351,25,1,2025-01-10 16:21:00+00,2025-01-10,11:21:00,11,202525002004.0,3700 BLOCK N FRANKLIN ST,1100,Fraud,-75.14068333,40.00913839,40.00913839,-75.14068333,19140
0101000020E6100000EA0C844BE4C752C06B451F1C81FF4340,3337538,0101000020110F0000299C6F20B0E65FC1318E97E4588F5241,24372028,24,2,2025-01-10 18:39:00+00,2025-01-10,13:39:00,13,202524002867.0,400 BLOCK E CLEARFIELD ST,700,Motor Vehicle Theft,-75.12330902,39.99612762,39.99612762,-75.12330902,19134
0101000020E6100000663B74B489C652C066308840DCFF4340,3337542,0101000020110F00000BD2976863E45FC162D5E4EFBD8F5241,24372034,24,1,2025-01-10 15:27:00+00,2025-01-10,10:27:00,10,202524002821.0,2000 BLOCK E VENANGO ST,700,Motor Vehicle Theft,-75.10215484,39.99890906,39.99890906,-75.10215484,19134
0101000020E6100000925002B490CA52C0CE435CEFEDFE4340,3337629,0101000020110F00000E54B1A93AEB5FC17771C1BCB58E5241,24370716,22,1,2025-01-10 13:19:00+00,2025-01-10,08:19:00,8,202522002000.0,2400 BLOCK N 20TH ST,2600,All Other Offenses,-75.16508198,39.9916362,39.9916362,-75.16508198,19132
0101000020E6100000649A02FCC7CB52C00D12CBFB72FF4340,3337658,0101000020110F0000C80FC8674BED5FC19164783B498F5241,24372046,22,2,2025-01-10 15:57:00+00,2025-01-10,10:57:00,10,202522002024.0,3200 BLOCK W SERGEANT ST,700,Motor Vehicle Theft,-75.18408108,39.99569652,39.99569652,-75.18408108,19132
0101000020E61000005D4D43F9A7CB52C0158B423F91FC4340,3337659,0101000020110F00009ABA2D0815ED5FC1033DBC80178C5241,24372048,22,4,2025-01-10 18:30:00+00,2025-01-10,13:30:00,13,202522002049.0,900 BLOCK N 28TH ST,700,Motor Vehicle Theft,-75.1821273,39.97318259,39.97318259,-75.1821273,19121
0101000020E6100000622F14B01DD052C0C34B4FDC9AFD4340,3337720,0101000020110F0000AFBB2859A8F45FC1E917C7E23D8D5241,24369047,19,1,2025-01-10 15:32:00+00,2025-01-10,10:32:00,10,202519002274.0,6400 BLOCK MALVERN AV,1400,Vandalism/Criminal Mischief,-75.251812,39.98128847,39.98128847,-75.251812,19151
0101000020E6100000A1114B4ED6CB52C0A6CA200CF6FC4340,3337773,0101000020110F00002C0C55BB63ED5FC180799037878C5241,24372062,22,4,2025-01-10 15:36:00+00,2025-01-10,10:36:00,10,202522002025.0,1200 BLOCK N 30TH ST,700,Motor Vehicle Theft,-75.18495519,39.97625877,39.97625877,-75.18495519,19121
0101000020E6100000391050E9B9C952C05AE14C028AF64340,3337786,0101000020110F0000297C41D1CDE95FC1746234CD69855241,24372381,3,2,2025-01-10 18:59:00+00,2025-01-10,13:59:00,13,202503001293.0,1700 BLOCK S ORIANNA ST,700,Motor Vehicle Theft,-75.15197213,39.9260867,39.9260867,-75.15197213,19148
